district,subject,grade,achievement,gap_gender,percent_ell,percent_sped,percent_frl,percent_native,percent_asian,percent_hispanic,percent_black,percent_white
VALE SD 84,mth,3,2.53907216097918,0.973656634440184,0.049234137,0.12800875,0.62161022,0.0077470518,0.012369233,0.22344092,0.0014511822,0.75499165
VALE SD 84,rla,3,3.22984432897145,0.376142373098226,0.049234137,0.12800875,0.62161022,0.0077470518,0.012369233,0.22344092,0.0014511822,0.75499165
VALE SD 84,mth,4,3.08954187024392,-0.788240382202992,0.049234137,0.12800875,0.62161022,0.0077470518,0.012369233,0.22344092,0.0014511822,0.75499165
VALE SD 84,rla,4,4.36278620429887,-1.83025757641113,0.049234137,0.12800875,0.62161022,0.0077470518,0.012369233,0.22344092,0.0014511822,0.75499165
VALE SD 84,mth,5,4.57446236425607,0.835615948088582,0.049234137,0.12800875,0.62161022,0.0077470518,0.012369233,0.22344092,0.0014511822,0.75499165
VALE SD 84,rla,5,4.77801976304975,0.357031056334803,0.049234137,0.12800875,0.62161022,0.0077470518,0.012369233,0.22344092,0.0014511822,0.75499165
VALE SD 84,mth,6,6.0302452760982,0.86314316952479,0.049234137,0.12800875,0.62161022,0.0077470518,0.012369233,0.22344092,0.0014511822,0.75499165
VALE SD 84,rla,6,6.11476096721569,0.690999539266815,0.049234137,0.12800875,0.62161022,0.0077470518,0.012369233,0.22344092,0.0014511822,0.75499165
GERVAIS SD 1,mth,3,2.18624556192454,-0.528262950721747,0.2027972,0.13986014,0.73396438,0.004221065,0.010309093,0.59366006,0.0012361287,0.39057365
GERVAIS SD 1,mth,6,5.72275713740542,-0.611436909624465,0.2027972,0.13986014,0.73396438,0.004221065,0.010309093,0.59366006,0.0012361287,0.39057365
YAMHILL CARLTON SD 1,mth,3,3.1496945489932,-1.08708988216264,0.014354067,0.14066985,0.43351972,0.0042249421,0.0073004328,0.10686559,0.0082634529,0.87334555
YAMHILL CARLTON SD 1,rla,3,3.32036622012997,-1.70379639415529,0.014354067,0.14066985,0.43351972,0.0042249421,0.0073004328,0.10686559,0.0082634529,0.87334555
YAMHILL CARLTON SD 1,mth,4,2.78196956888339,-0.582765343186986,0.014354067,0.14066985,0.43351972,0.0042249421,0.0073004328,0.10686559,0.0082634529,0.87334555
YAMHILL CARLTON SD 1,rla,4,3.16821012866023,-2.69530164990155,0.014354067,0.14066985,0.43351972,0.0042249421,0.0073004328,0.10686559,0.0082634529,0.87334555
YAMHILL CARLTON SD 1,mth,5,6.48364524922916,-0.526000436230935,0.014354067,0.14066985,0.43351972,0.0042249421,0.0073004328,0.10686559,0.0082634529,0.87334555
YAMHILL CARLTON SD 1,rla,5,6.48511372414373,-1.730903257635,0.014354067,0.14066985,0.43351972,0.0042249421,0.0073004328,0.10686559,0.0082634529,0.87334555
YAMHILL CARLTON SD 1,mth,6,6.21499965818998,-0.174833078780312,0.014354067,0.14066985,0.43351972,0.0042249421,0.0073004328,0.10686559,0.0082634529,0.87334555
YAMHILL CARLTON SD 1,rla,6,7.1043590573265,-1.06653389556968,0.014354067,0.14066985,0.43351972,0.0042249421,0.0073004328,0.10686559,0.0082634529,0.87334555
HARRISBURG SD 7J,rla,3,1.42212421018702,0.068644557323405,0.023310022,0.15384616,0.58740324,0.0042476011,0.0056100232,0.14302887,0.0014158669,0.84569764
HARRISBURG SD 7J,mth,4,3.27421236140258,0.914967323018906,0.023310022,0.15384616,0.58740324,0.0042476011,0.0056100232,0.14302887,0.0014158669,0.84569764
HARRISBURG SD 7J,rla,4,3.49542740846647,0.633500324677144,0.023310022,0.15384616,0.58740324,0.0042476011,0.0056100232,0.14302887,0.0014158669,0.84569764
NORTH SANTIAM SD 29J,mth,3,2.69553113315616,1.11628314196075,0.04557522,0.16637169,0.50749362,0.011104813,0.0030165694,0.18539074,0.011143123,0.78934479
NORTH SANTIAM SD 29J,rla,3,2.8029513667215,0.103277972453332,0.04557522,0.16637169,0.50749362,0.011104813,0.0030165694,0.18539074,0.011143123,0.78934479
NORTH SANTIAM SD 29J,mth,4,3.05926829680334,0.0292890863071347,0.04557522,0.16637169,0.50749362,0.011104813,0.0030165694,0.18539074,0.011143123,0.78934479
NORTH SANTIAM SD 29J,rla,4,3.80586026865064,-0.494805502302535,0.04557522,0.16637169,0.50749362,0.011104813,0.0030165694,0.18539074,0.011143123,0.78934479
NORTH SANTIAM SD 29J,mth,5,5.27406754076556,-0.166473989191044,0.04557522,0.16637169,0.50749362,0.011104813,0.0030165694,0.18539074,0.011143123,0.78934479
NORTH SANTIAM SD 29J,rla,5,5.40527155551618,-1.16795739906408,0.04557522,0.16637169,0.50749362,0.011104813,0.0030165694,0.18539074,0.011143123,0.78934479
NORTH SANTIAM SD 29J,mth,6,4.85867088656307,-0.360561734516627,0.04557522,0.16637169,0.50749362,0.011104813,0.0030165694,0.18539074,0.011143123,0.78934479
NORTH SANTIAM SD 29J,rla,6,5.73565654187631,-1.03764906344315,0.04557522,0.16637169,0.50749362,0.011104813,0.0030165694,0.18539074,0.011143123,0.78934479
HILLSBORO SD 1J,mth,3,2.08968819508832,0.467919208300905,0.15388347,0.16280988,0.46283218,0.0073272847,0.073906682,0.40478867,0.023326017,0.49065134
HILLSBORO SD 1J,rla,3,2.49013970850575,-0.657295606274183,0.15388347,0.16280988,0.46283218,0.0073272847,0.073906682,0.40478867,0.023326017,0.49065134
HILLSBORO SD 1J,mth,4,3.27421014120724,0.469682075368113,0.15388347,0.16280988,0.46283218,0.0073272847,0.073906682,0.40478867,0.023326017,0.49065134
HILLSBORO SD 1J,rla,4,3.71236610252476,-0.0875078513643145,0.15388347,0.16280988,0.46283218,0.0073272847,0.073906682,0.40478867,0.023326017,0.49065134
HILLSBORO SD 1J,mth,5,4.4441743633438,0.127292851929648,0.15388347,0.16280988,0.46283218,0.0073272847,0.073906682,0.40478867,0.023326017,0.49065134
HILLSBORO SD 1J,rla,5,4.90795691392885,-0.799872320806803,0.15388347,0.16280988,0.46283218,0.0073272847,0.073906682,0.40478867,0.023326017,0.49065134
HILLSBORO SD 1J,mth,6,5.90079657148085,0.308911553836501,0.15388347,0.16280988,0.46283218,0.0073272847,0.073906682,0.40478867,0.023326017,0.49065134
HILLSBORO SD 1J,rla,6,6.32599942800671,-0.610098207900246,0.15388347,0.16280988,0.46283218,0.0073272847,0.073906682,0.40478867,0.023326017,0.49065134
KNAPPA SD 4,mth,6,4.96904189301158,1.56580911279739,0.014141414,0.19393939,0.50420171,0.0092436979,0.011596639,0.12672269,0.00605042,0.84638655
KNAPPA SD 4,rla,6,4.59240642405816,-0.380081454259588,0.014141414,0.19393939,0.50420171,0.0092436979,0.011596639,0.12672269,0.00605042,0.84638655
NORTH WASCO COUNTY SD 21,mth,3,1.21297230935362,-0.760491968341458,0.12595041,0.18115702,0.71156186,0.020622713,0.0095277857,0.38307357,0.005033379,0.58174258
NORTH WASCO COUNTY SD 21,rla,3,1.72464073760309,-1.53291096037586,0.12595041,0.18115702,0.71156186,0.020622713,0.0095277857,0.38307357,0.005033379,0.58174258
NORTH WASCO COUNTY SD 21,mth,4,2.57048311413529,0.587973469019602,0.12595041,0.18115702,0.71156186,0.020622713,0.0095277857,0.38307357,0.005033379,0.58174258
NORTH WASCO COUNTY SD 21,rla,4,3.0342577196145,-0.81584227388121,0.12595041,0.18115702,0.71156186,0.020622713,0.0095277857,0.38307357,0.005033379,0.58174258
NORTH WASCO COUNTY SD 21,mth,5,4.97940854889641,0.0236569509751046,0.12595041,0.18115702,0.71156186,0.020622713,0.0095277857,0.38307357,0.005033379,0.58174258
NORTH WASCO COUNTY SD 21,rla,5,5.46605599150695,-1.64700625877986,0.12595041,0.18115702,0.71156186,0.020622713,0.0095277857,0.38307357,0.005033379,0.58174258
NORTH WASCO COUNTY SD 21,mth,6,5.02043016092389,-0.666287418630555,0.12595041,0.18115702,0.71156186,0.020622713,0.0095277857,0.38307357,0.005033379,0.58174258
NORTH WASCO COUNTY SD 21,rla,6,4.62313735865725,-0.89915887620941,0.12595041,0.18115702,0.71156186,0.020622713,0.0095277857,0.38307357,0.005033379,0.58174258
GREATER ALBANY PUBLIC SD 8J,mth,3,2.15127924376285,0.220709150500291,0.063798532,0.14711438,0.46509394,0.0078630494,0.0086615765,0.22559585,0.0050263815,0.75285316
GREATER ALBANY PUBLIC SD 8J,rla,3,2.5246679295191,-0.494516931530808,0.063798532,0.14711438,0.46509394,0.0078630494,0.0086615765,0.22559585,0.0050263815,0.75285316
GREATER ALBANY PUBLIC SD 8J,mth,4,3.77419969664225,0.588462751959441,0.063798532,0.14711438,0.46509394,0.0078630494,0.0086615765,0.22559585,0.0050263815,0.75285316
GREATER ALBANY PUBLIC SD 8J,rla,4,3.68565316351748,-0.378584487844475,0.063798532,0.14711438,0.46509394,0.0078630494,0.0086615765,0.22559585,0.0050263815,0.75285316
GREATER ALBANY PUBLIC SD 8J,mth,5,4.99161034735582,-0.0612310129658928,0.063798532,0.14711438,0.46509394,0.0078630494,0.0086615765,0.22559585,0.0050263815,0.75285316
GREATER ALBANY PUBLIC SD 8J,rla,5,4.98143338248931,-0.875127924421343,0.063798532,0.14711438,0.46509394,0.0078630494,0.0086615765,0.22559585,0.0050263815,0.75285316
GREATER ALBANY PUBLIC SD 8J,mth,6,5.20218372173572,-0.20453033680811,0.063798532,0.14711438,0.46509394,0.0078630494,0.0086615765,0.22559585,0.0050263815,0.75285316
GREATER ALBANY PUBLIC SD 8J,rla,6,5.57240386590097,-0.82347319358795,0.063798532,0.14711438,0.46509394,0.0078630494,0.0086615765,0.22559585,0.0050263815,0.75285316
AMITY SD 4J,mth,6,4.34532746845975,0.421600229599655,0.030405406,0.12612613,0.57590735,0.012494459,0.0066258032,0.14031549,0.0041113454,0.8364529
AMITY SD 4J,rla,6,5.12949507691004,-1.73275775692553,0.030405406,0.12612613,0.57590735,0.012494459,0.0066258032,0.14031549,0.0041113454,0.8364529
ASHLAND SD 5,mth,3,2.74100792084739,0.368147455222834,0.011235955,0.10963568,0.32375002,0.0079507269,0.013218716,0.11375611,0.01219584,0.85287863
ASHLAND SD 5,rla,3,3.68810142065326,-1.04332559922371,0.011235955,0.10963568,0.32375002,0.0079507269,0.013218716,0.11375611,0.01219584,0.85287863
ASHLAND SD 5,mth,4,4.95541731937188,-0.372730936752921,0.011235955,0.10963568,0.32375002,0.0079507269,0.013218716,0.11375611,0.01219584,0.85287863
ASHLAND SD 5,rla,4,5.3520521367519,-1.27457009457449,0.011235955,0.10963568,0.32375002,0.0079507269,0.013218716,0.11375611,0.01219584,0.85287863
ASHLAND SD 5,mth,5,5.66071115743697,0.536889270284924,0.011235955,0.10963568,0.32375002,0.0079507269,0.013218716,0.11375611,0.01219584,0.85287863
ASHLAND SD 5,rla,5,6.39461964187568,-0.703673663979229,0.011235955,0.10963568,0.32375002,0.0079507269,0.013218716,0.11375611,0.01219584,0.85287863
ASHLAND SD 5,mth,6,8.03433422949066,-1.39247835353691,0.011235955,0.10963568,0.32375002,0.0079507269,0.013218716,0.11375611,0.01219584,0.85287863
ASHLAND SD 5,rla,6,7.22594839187643,-2.65494972738219,0.011235955,0.10963568,0.32375002,0.0079507269,0.013218716,0.11375611,0.01219584,0.85287863
ASTORIA SD 1,mth,3,2.68585202465003,0.738005422705596,0.047668938,0.15715034,0.5724299,0.01461824,0.013374326,0.17522967,0.0072991611,0.7894786
ASTORIA SD 1,rla,3,3.16824763909032,-0.287188238729817,0.047668938,0.15715034,0.5724299,0.01461824,0.013374326,0.17522967,0.0072991611,0.7894786
ASTORIA SD 1,rla,4,4.11712950236854,-0.200548177327794,0.047668938,0.15715034,0.5724299,0.01461824,0.013374326,0.17522967,0.0072991611,0.7894786
ASTORIA SD 1,mth,5,2.91062887683189,0.0918287316804987,0.047668938,0.15715034,0.5724299,0.01461824,0.013374326,0.17522967,0.0072991611,0.7894786
ASTORIA SD 1,rla,5,3.21065931675446,-1.33071641978614,0.047668938,0.15715034,0.5724299,0.01461824,0.013374326,0.17522967,0.0072991611,0.7894786
ATHENA-WESTON SD 29RJ,mth,3,2.18123912240482,-1.46087659314191,0,0.12173913,0.59429741,0.099658661,0.0046911645,0.091735169,0.0036137234,0.80030125
ATHENA-WESTON SD 29RJ,rla,3,2.57089176988695,-1.5180320180224,0,0.12173913,0.59429741,0.099658661,0.0046911645,0.091735169,0.0036137234,0.80030125
ATHENA-WESTON SD 29RJ,mth,4,2.33577212582749,-0.788353778488748,0,0.12173913,0.59429741,0.099658661,0.0046911645,0.091735169,0.0036137234,0.80030125
ATHENA-WESTON SD 29RJ,rla,4,2.41979059745351,-3.24208942815494,0,0.12173913,0.59429741,0.099658661,0.0046911645,0.091735169,0.0036137234,0.80030125
ATHENA-WESTON SD 29RJ,mth,5,3.43257388473102,0.025296626997149,0,0.12173913,0.59429741,0.099658661,0.0046911645,0.091735169,0.0036137234,0.80030125
ATHENA-WESTON SD 29RJ,rla,5,4.03728364983756,-0.485724265877752,0,0.12173913,0.59429741,0.099658661,0.0046911645,0.091735169,0.0036137234,0.80030125
ATHENA-WESTON SD 29RJ,mth,6,5.29536260334961,-3.93409682460909,0,0.12173913,0.59429741,0.099658661,0.0046911645,0.091735169,0.0036137234,0.80030125
ATHENA-WESTON SD 29RJ,rla,6,5.19128658955742,-3.02044999690329,0,0.12173913,0.59429741,0.099658661,0.0046911645,0.091735169,0.0036137234,0.80030125
BAKER SD 5J,mth,4,3.70522706546407,0.0061674838539582,0.01171523,0.12736557,0.41896504,0.018656697,0.010009182,0.1072206,0.01075128,0.85336226
BAKER SD 5J,rla,4,3.68094044072457,-0.530522524342271,0.01171523,0.12736557,0.41896504,0.018656697,0.010009182,0.1072206,0.01075128,0.85336226
BAKER SD 5J,mth,5,4.87712482571651,-0.0957767801490409,0.01171523,0.12736557,0.41896504,0.018656697,0.010009182,0.1072206,0.01075128,0.85336226
BAKER SD 5J,rla,5,4.29566651328291,-1.47612526411998,0.01171523,0.12736557,0.41896504,0.018656697,0.010009182,0.1072206,0.01075128,0.85336226
BAKER SD 5J,mth,6,5.48168982248621,0.889641165048012,0.01171523,0.12736557,0.41896504,0.018656697,0.010009182,0.1072206,0.01075128,0.85336226
BAKER SD 5J,rla,6,5.39434568320718,-0.215361235046042,0.01171523,0.12736557,0.41896504,0.018656697,0.010009182,0.1072206,0.01075128,0.85336226
BANDON SD 54,mth,3,1.15043677149861,0.807567818031484,0.005738881,0.1563845,0.64478976,0.015230478,0.0046879645,0.13329911,0.0014636373,0.84531879
BANDON SD 54,rla,3,2.09430292147155,0.242483018323754,0.005738881,0.1563845,0.64478976,0.015230478,0.0046879645,0.13329911,0.0014636373,0.84531879
BANDON SD 54,mth,4,3.59542359138177,0.0018781837600347,0.005738881,0.1563845,0.64478976,0.015230478,0.0046879645,0.13329911,0.0014636373,0.84531879
BANDON SD 54,rla,4,4.57554370295492,-0.856042114113705,0.005738881,0.1563845,0.64478976,0.015230478,0.0046879645,0.13329911,0.0014636373,0.84531879
BANDON SD 54,mth,6,6.36272591753467,0.184951211070157,0.005738881,0.1563845,0.64478976,0.015230478,0.0046879645,0.13329911,0.0014636373,0.84531879
BANDON SD 54,rla,6,6.49357782724552,-1.32421935805209,0.005738881,0.1563845,0.64478976,0.015230478,0.0046879645,0.13329911,0.0014636373,0.84531879
BEAVERTON SD 48J,mth,3,3.96542815296296,0.555164147223854,0.12324786,0.13379732,0.36187303,0.0041622748,0.18011583,0.2667903,0.030032994,0.51889861
BEAVERTON SD 48J,rla,3,4.37086869550183,-0.57173615914977,0.12324786,0.13379732,0.36187303,0.0041622748,0.18011583,0.2667903,0.030032994,0.51889861
BEAVERTON SD 48J,mth,4,4.90354855738432,0.610744038688784,0.12324786,0.13379732,0.36187303,0.0041622748,0.18011583,0.2667903,0.030032994,0.51889861
BEAVERTON SD 48J,rla,4,5.44635920064214,-0.472958326771499,0.12324786,0.13379732,0.36187303,0.0041622748,0.18011583,0.2667903,0.030032994,0.51889861
BEAVERTON SD 48J,mth,5,5.89602441405089,0.109658247976667,0.12324786,0.13379732,0.36187303,0.0041622748,0.18011583,0.2667903,0.030032994,0.51889861
BEAVERTON SD 48J,rla,5,6.27214465692271,-0.835319621734434,0.12324786,0.13379732,0.36187303,0.0041622748,0.18011583,0.2667903,0.030032994,0.51889861
BEAVERTON SD 48J,mth,6,7.00730221042844,0.0031575920686325,0.12324786,0.13379732,0.36187303,0.0041622748,0.18011583,0.2667903,0.030032994,0.51889861
BEAVERTON SD 48J,rla,6,7.11816981340411,-0.864252669618114,0.12324786,0.13379732,0.36187303,0.0041622748,0.18011583,0.2667903,0.030032994,0.51889861
BETHEL SD 52,mth,3,2.02747754811921,0.679440931028909,0.042103395,0.2144253,0.58945066,0.013131032,0.021338774,0.22656845,0.022628911,0.71633285
BETHEL SD 52,rla,3,2.40770314898277,-0.799713223975907,0.042103395,0.2144253,0.58945066,0.013131032,0.021338774,0.22656845,0.022628911,0.71633285
BETHEL SD 52,mth,4,3.01239543962854,0.014360706418715,0.042103395,0.2144253,0.58945066,0.013131032,0.021338774,0.22656845,0.022628911,0.71633285
BETHEL SD 52,rla,4,3.15298257957609,-1.40829580142257,0.042103395,0.2144253,0.58945066,0.013131032,0.021338774,0.22656845,0.022628911,0.71633285
BETHEL SD 52,mth,6,5.6581752403034,0.507831262737476,0.042103395,0.2144253,0.58945066,0.013131032,0.021338774,0.22656845,0.022628911,0.71633285
BETHEL SD 52,rla,6,5.62369102529821,-0.558966113809913,0.042103395,0.2144253,0.58945066,0.013131032,0.021338774,0.22656845,0.022628911,0.71633285
BROOKINGS-HARBOR SD 17C,mth,3,1.60006473297926,-0.118706418996731,0.020767778,0.15040906,0.5327003,0.04613246,0.0059031211,0.19661292,0.0018248175,0.74952668
HARNEY COUNTY SD 3,mth,4,3.25850358864081,-0.606976391573124,0.0034562212,0.16474654,0.52089548,0.035328321,0.0043921922,0.084354922,0.0019108027,0.87401378
HARNEY COUNTY SD 3,rla,4,3.16956040964671,-1.31847055596311,0.0034562212,0.16474654,0.52089548,0.035328321,0.0043921922,0.084354922,0.0019108027,0.87401378
HARNEY COUNTY SD 3,mth,5,3.55409724970955,-1.8672092278238,0.0034562212,0.16474654,0.52089548,0.035328321,0.0043921922,0.084354922,0.0019108027,0.87401378
HARNEY COUNTY SD 3,rla,5,3.65315229176092,-2.43415582764453,0.0034562212,0.16474654,0.52089548,0.035328321,0.0043921922,0.084354922,0.0019108027,0.87401378
CASCADE SD 5,mth,3,2.6918342150313,0.499389699081004,0.02962645,0.14126234,0.43643513,0.016243286,0.015356774,0.17902467,0.0030347167,0.78634053
CASCADE SD 5,rla,3,3.01417325912629,-0.11066061023596,0.02962645,0.14126234,0.43643513,0.016243286,0.015356774,0.17902467,0.0030347167,0.78634053
CASCADE SD 5,mth,4,2.99428116151325,0.118172302601359,0.02962645,0.14126234,0.43643513,0.016243286,0.015356774,0.17902467,0.0030347167,0.78634053
CASCADE SD 5,rla,4,3.89686778770004,-0.573904472630208,0.02962645,0.14126234,0.43643513,0.016243286,0.015356774,0.17902467,0.0030347167,0.78634053
CENTENNIAL SD 28J,mth,3,1.33576712740018,0.446189212444197,0.1921777,0.16658619,0.71982235,0.0086496742,0.1346474,0.305123,0.076960944,0.47461897
CENTENNIAL SD 28J,rla,3,1.27135939436198,-0.225002765880236,0.1921777,0.16658619,0.71982235,0.0086496742,0.1346474,0.305123,0.076960944,0.47461897
CENTENNIAL SD 28J,mth,4,2.11448733439531,0.537186547455726,0.1921777,0.16658619,0.71982235,0.0086496742,0.1346474,0.305123,0.076960944,0.47461897
CENTENNIAL SD 28J,rla,4,2.33531805081419,-0.478537374126253,0.1921777,0.16658619,0.71982235,0.0086496742,0.1346474,0.305123,0.076960944,0.47461897
CENTENNIAL SD 28J,mth,5,2.83316910640676,-0.300063682516716,0.1921777,0.16658619,0.71982235,0.0086496742,0.1346474,0.305123,0.076960944,0.47461897
CENTENNIAL SD 28J,rla,5,3.21561615298107,-0.995248024836253,0.1921777,0.16658619,0.71982235,0.0086496742,0.1346474,0.305123,0.076960944,0.47461897
CENTENNIAL SD 28J,mth,6,5.1815038460965,-0.139053201983363,0.1921777,0.16658619,0.71982235,0.0086496742,0.1346474,0.305123,0.076960944,0.47461897
CENTENNIAL SD 28J,rla,6,5.10048640235407,-0.54914107763566,0.1921777,0.16658619,0.71982235,0.0086496742,0.1346474,0.305123,0.076960944,0.47461897
CENTRAL SD 13J,mth,3,1.38671860615447,-0.436647519171113,0.14198844,0.12769839,0.59257066,0.012008272,0.0092759673,0.46196938,0.0020868476,0.51465952
CENTRAL SD 13J,rla,3,1.18491548791141,-1.486011778024,0.14198844,0.12769839,0.59257066,0.012008272,0.0092759673,0.46196938,0.0020868476,0.51465952
CENTRAL SD 13J,mth,4,2.34536497057669,-0.160892328612937,0.14198844,0.12769839,0.59257066,0.012008272,0.0092759673,0.46196938,0.0020868476,0.51465952
CENTRAL SD 13J,rla,4,1.89794688311766,-0.415149218615253,0.14198844,0.12769839,0.59257066,0.012008272,0.0092759673,0.46196938,0.0020868476,0.51465952
CENTRAL SD 13J,mth,5,4.07294768293694,0.419834673530447,0.14198844,0.12769839,0.59257066,0.012008272,0.0092759673,0.46196938,0.0020868476,0.51465952
CENTRAL SD 13J,rla,5,3.9258975818885,0.181728959332078,0.14198844,0.12769839,0.59257066,0.012008272,0.0092759673,0.46196938,0.0020868476,0.51465952
CENTRAL SD 13J,mth,6,4.24708215831656,-0.0658083391361983,0.14198844,0.12769839,0.59257066,0.012008272,0.0092759673,0.46196938,0.0020868476,0.51465952
CENTRAL SD 13J,rla,6,4.88211326109058,-0.545057472472186,0.14198844,0.12769839,0.59257066,0.012008272,0.0092759673,0.46196938,0.0020868476,0.51465952
CENTRAL LINN SD 552,mth,3,2.79323375545854,-2.03999860011555,0.033950616,0.17746913,0.62564325,0.0088130618,0.0036479707,0.13278671,0.0036479707,0.85110426
CENTRAL LINN SD 552,rla,3,2.4223884395781,-1.87459316340124,0.033950616,0.17746913,0.62564325,0.0088130618,0.0036479707,0.13278671,0.0036479707,0.85110426
CENTRAL POINT SD 6,mth,4,3.27755509748035,-0.073270158159034,0.033759698,0.14699098,0.55341804,0.011751351,0.0061929952,0.17071898,0.0027505667,0.80858612
CENTRAL POINT SD 6,mth,5,3.41322189106452,0.287586640114207,0.033759698,0.14699098,0.55341804,0.011751351,0.0061929952,0.17071898,0.0027505667,0.80858612
CENTRAL POINT SD 6,rla,5,3.97566515423262,-1.11595453965032,0.033759698,0.14699098,0.55341804,0.011751351,0.0061929952,0.17071898,0.0027505667,0.80858612
CENTRAL POINT SD 6,mth,6,5.3329803998577,-0.171157990781512,0.033759698,0.14699098,0.55341804,0.011751351,0.0061929952,0.17071898,0.0027505667,0.80858612
CLATSKANIE SD 6J,mth,3,0.76889500573094,1.38953669374603,0.0055710305,0.19916435,0.58307707,0.0085639125,0.0083604343,0.095206134,0.0030842933,0.88478523
CLATSKANIE SD 6J,rla,3,2.00402202905671,-0.272513352834885,0.0055710305,0.19916435,0.58307707,0.0085639125,0.0083604343,0.095206134,0.0030842933,0.88478523
RAINIER SD 13,mth,5,3.92944716945352,-1.20708881871822,0.007454739,0.13525027,0.54450881,0.020720415,0.00080740999,0.083343588,0.003787094,0.89134145
RAINIER SD 13,rla,5,3.89678058550001,-1.33944157615855,0.007454739,0.13525027,0.54450881,0.020720415,0.00080740999,0.083343588,0.003787094,0.89134145
RAINIER SD 13,mth,6,5.11182106705188,0.153772243424101,0.007454739,0.13525027,0.54450881,0.020720415,0.00080740999,0.083343588,0.003787094,0.89134145
COLTON SD 53,mth,3,1.67951586747639,-0.695430507552573,0.0082236845,0.16282895,0.31632733,0.0037554824,0.0039946018,0.065995276,0,0.92625463
COLTON SD 53,rla,3,1.44194022183405,-1.4028760052974,0.0082236845,0.16282895,0.31632733,0.0037554824,0.0039946018,0.065995276,0,0.92625463
COLTON SD 53,mth,4,3.67632133756472,1.65835357319187,0.0082236845,0.16282895,0.31632733,0.0037554824,0.0039946018,0.065995276,0,0.92625463
COLTON SD 53,rla,4,3.36944882540074,0.446422054373776,0.0082236845,0.16282895,0.31632733,0.0037554824,0.0039946018,0.065995276,0,0.92625463
COQUILLE SD 8,mth,3,2.50251418940484,0.108099419345827,0.019248396,0.13565536,0.574889,0.034613684,0.0018427342,0.12124234,0.00430978,0.83799148
COQUILLE SD 8,rla,3,2.47621912041408,-1.47947817319011,0.019248396,0.13565536,0.574889,0.034613684,0.0018427342,0.12124234,0.00430978,0.83799148
COQUILLE SD 8,mth,4,3.98308948271179,0.144355071966894,0.019248396,0.13565536,0.574889,0.034613684,0.0018427342,0.12124234,0.00430978,0.83799148
COQUILLE SD 8,rla,4,4.78044784961472,-0.439217220659605,0.019248396,0.13565536,0.574889,0.034613684,0.0018427342,0.12124234,0.00430978,0.83799148
COQUILLE SD 8,mth,5,5.71751301503892,0.221755617492775,0.019248396,0.13565536,0.574889,0.034613684,0.0018427342,0.12124234,0.00430978,0.83799148
COQUILLE SD 8,rla,5,5.74786927692322,-0.758485137331605,0.019248396,0.13565536,0.574889,0.034613684,0.0018427342,0.12124234,0.00430978,0.83799148
COQUILLE SD 8,mth,6,6.2312829254916,-0.362311257306551,0.019248396,0.13565536,0.574889,0.034613684,0.0018427342,0.12124234,0.00430978,0.83799148
COQUILLE SD 8,rla,6,6.64868000276616,-1.93673106693247,0.019248396,0.13565536,0.574889,0.034613684,0.0018427342,0.12124234,0.00430978,0.83799148
CORBETT SD 39,mth,6,6.29966705671597,-0.112139004667768,0.023462784,0.078478962,0.24777329,0.01457976,0.024871355,0.072898798,0.011149229,0.87650084
CORBETT SD 39,rla,6,6.19750809477033,-1.32630742886012,0.023462784,0.078478962,0.24777329,0.01457976,0.024871355,0.072898798,0.011149229,0.87650084
CORVALLIS SD 509J,mth,3,3.23932536052826,0.0038715391104495,0.07373473,0.10965677,0.37493578,0.0073699765,0.065647565,0.18887061,0.014007699,0.72410417
CORVALLIS SD 509J,rla,3,3.42322496771494,-0.819307621150901,0.07373473,0.10965677,0.37493578,0.0073699765,0.065647565,0.18887061,0.014007699,0.72410417
CORVALLIS SD 509J,mth,4,4.45382871068952,0.0539908683691366,0.07373473,0.10965677,0.37493578,0.0073699765,0.065647565,0.18887061,0.014007699,0.72410417
CORVALLIS SD 509J,rla,4,4.62629728029655,-1.27499447996373,0.07373473,0.10965677,0.37493578,0.0073699765,0.065647565,0.18887061,0.014007699,0.72410417
CORVALLIS SD 509J,mth,5,5.28745622675005,1.00049281354167,0.07373473,0.10965677,0.37493578,0.0073699765,0.065647565,0.18887061,0.014007699,0.72410417
CORVALLIS SD 509J,mth,6,6.6522374890425,0.591066969016016,0.07373473,0.10965677,0.37493578,0.0073699765,0.065647565,0.18887061,0.014007699,0.72410417
COOS BAY SD 9,mth,3,1.25736473052563,0.150528448171798,0.01097561,0.17317073,0.63156748,0.046329141,0.0068530901,0.14447194,0.0022344016,0.80011141
COOS BAY SD 9,rla,3,1.36878095686825,-0.33083107827188,0.01097561,0.17317073,0.63156748,0.046329141,0.0068530901,0.14447194,0.0022344016,0.80011141
COOS BAY SD 9,rla,6,4.95272781067276,-0.893062329802205,0.01097561,0.17317073,0.63156748,0.046329141,0.0068530901,0.14447194,0.0022344016,0.80011141
CRESWELL SD 40,mth,3,3.02370266550257,-0.801161330634631,0.028938906,0.21061093,0.48769307,0.021041844,0.0091444338,0.11993463,0.0054845163,0.84439462
CRESWELL SD 40,rla,3,3.1758411156489,-1.2984950059507,0.028938906,0.21061093,0.48769307,0.021041844,0.0091444338,0.11993463,0.0054845163,0.84439462
CROOK COUNTY SD,mth,4,3.55297551560521,0.365418660987958,0.030944364,0.14542247,0.49832037,0.012931093,0.0065824939,0.17901787,0.0031476533,0.79832089
CROOK COUNTY SD,rla,4,3.99686001108263,0.0416758669061586,0.030944364,0.14542247,0.49832037,0.012931093,0.0065824939,0.17901787,0.0031476533,0.79832089
CROOK COUNTY SD,mth,5,4.19840621179997,0.0360625763528359,0.030944364,0.14542247,0.49832037,0.012931093,0.0065824939,0.17901787,0.0031476533,0.79832089
CROOK COUNTY SD,rla,5,4.7084652130124,-1.15324623025435,0.030944364,0.14542247,0.49832037,0.012931093,0.0065824939,0.17901787,0.0031476533,0.79832089
CULVER SD 4,mth,3,3.19100810668111,0.926169950568593,0.10698365,0.14413075,0.65707392,0.0084867794,0,0.33219144,0.010230706,0.64909106
CULVER SD 4,rla,3,3.25960210097585,-0.176630808138494,0.10698365,0.14413075,0.65707392,0.0084867794,0,0.33219144,0.010230706,0.64909106
CULVER SD 4,mth,4,3.27575873791927,-0.507298733125944,0.10698365,0.14413075,0.65707392,0.0084867794,0,0.33219144,0.010230706,0.64909106
CULVER SD 4,rla,4,3.68354306886823,-0.366430458106852,0.10698365,0.14413075,0.65707392,0.0084867794,0,0.33219144,0.010230706,0.64909106
DALLAS SD 2,mth,4,3.25672365572693,0.000984764696696,0.01480315,0.16409449,0.48387375,0.027539726,0.0056953286,0.11758058,0.0049820491,0.84420234
DALLAS SD 2,rla,4,3.66905225435455,-0.631144393764861,0.01480315,0.16409449,0.48387375,0.027539726,0.0056953286,0.11758058,0.0049820491,0.84420234
DALLAS SD 2,mth,5,4.49239749214243,-0.136899738818077,0.01480315,0.16409449,0.48387375,0.027539726,0.0056953286,0.11758058,0.0049820491,0.84420234
DALLAS SD 2,rla,5,4.65094950348812,-0.722767419964328,0.01480315,0.16409449,0.48387375,0.027539726,0.0056953286,0.11758058,0.0049820491,0.84420234
DALLAS SD 2,mth,6,6.05919948344809,0.283230549447995,0.01480315,0.16409449,0.48387375,0.027539726,0.0056953286,0.11758058,0.0049820491,0.84420234
DALLAS SD 2,rla,6,5.45034071720208,-0.864554147981221,0.01480315,0.16409449,0.48387375,0.027539726,0.0056953286,0.11758058,0.0049820491,0.84420234
DAVID DOUGLAS SD 40,mth,3,1.03668835696172,0.0923388793204237,0.2191311,0.12709604,0.76588869,0.0098813232,0.1540173,0.27894098,0.13246936,0.42469105
DAVID DOUGLAS SD 40,rla,3,1.3757885956218,-0.95806859865616,0.2191311,0.12709604,0.76588869,0.0098813232,0.1540173,0.27894098,0.13246936,0.42469105
DAVID DOUGLAS SD 40,mth,4,2.30249545834438,0.22865788370128,0.2191311,0.12709604,0.76588869,0.0098813232,0.1540173,0.27894098,0.13246936,0.42469105
DAVID DOUGLAS SD 40,rla,4,3.08412785444745,-0.361284273185588,0.2191311,0.12709604,0.76588869,0.0098813232,0.1540173,0.27894098,0.13246936,0.42469105
DAVID DOUGLAS SD 40,mth,5,3.22371671611714,-0.430177336053199,0.2191311,0.12709604,0.76588869,0.0098813232,0.1540173,0.27894098,0.13246936,0.42469105
DAVID DOUGLAS SD 40,rla,5,4.02567927178939,-1.15097854662946,0.2191311,0.12709604,0.76588869,0.0098813232,0.1540173,0.27894098,0.13246936,0.42469105
DAVID DOUGLAS SD 40,mth,6,4.78458829424594,-0.224160967208114,0.2191311,0.12709604,0.76588869,0.0098813232,0.1540173,0.27894098,0.13246936,0.42469105
DAVID DOUGLAS SD 40,rla,6,5.35702304417339,-1.01047430848707,0.2191311,0.12709604,0.76588869,0.0098813232,0.1540173,0.27894098,0.13246936,0.42469105
DAYTON SD 8,mth,3,1.28422555467021,0.0118003997149812,0.12575452,0.15191147,0.66678697,0.012379501,0.0042382968,0.39781147,0,0.58557075
DAYTON SD 8,rla,3,2.20199763763444,-1.56201140075875,0.12575452,0.15191147,0.66678697,0.012379501,0.0042382968,0.39781147,0,0.58557075
DAYTON SD 8,mth,4,2.78570218995256,-0.108806904284076,0.12575452,0.15191147,0.66678697,0.012379501,0.0042382968,0.39781147,0,0.58557075
DAYTON SD 8,rla,4,2.64092633693507,-0.670931397001852,0.12575452,0.15191147,0.66678697,0.012379501,0.0042382968,0.39781147,0,0.58557075
DAYTON SD 8,mth,5,4.26159473834021,-1.36479988574403,0.12575452,0.15191147,0.66678697,0.012379501,0.0042382968,0.39781147,0,0.58557075
DAYTON SD 8,rla,5,4.68740474047861,-1.86325847626043,0.12575452,0.15191147,0.66678697,0.012379501,0.0042382968,0.39781147,0,0.58557075
EAGLE POINT SD 9,mth,3,1.27952466769477,0.30963807886653,0.079128169,0.14380479,0.5859195,0.0067242328,0.0034654296,0.28513792,0.0026297942,0.70204264
EAGLE POINT SD 9,rla,3,1.76329756020418,-0.763608538137815,0.079128169,0.14380479,0.5859195,0.0067242328,0.0034654296,0.28513792,0.0026297942,0.70204264
EAGLE POINT SD 9,mth,4,2.15427262037883,0.470467470630371,0.079128169,0.14380479,0.5859195,0.0067242328,0.0034654296,0.28513792,0.0026297942,0.70204264
EAGLE POINT SD 9,rla,4,2.49373360449543,-0.314747343297042,0.079128169,0.14380479,0.5859195,0.0067242328,0.0034654296,0.28513792,0.0026297942,0.70204264
EAGLE POINT SD 9,mth,5,3.06349141855211,0.578519570301408,0.079128169,0.14380479,0.5859195,0.0067242328,0.0034654296,0.28513792,0.0026297942,0.70204264
EAGLE POINT SD 9,rla,5,3.78287053861406,-0.696222529849344,0.079128169,0.14380479,0.5859195,0.0067242328,0.0034654296,0.28513792,0.0026297942,0.70204264
EAGLE POINT SD 9,mth,6,4.94968981293806,0.515044297991514,0.079128169,0.14380479,0.5859195,0.0067242328,0.0034654296,0.28513792,0.0026297942,0.70204264
EAGLE POINT SD 9,rla,6,5.1110086424182,-0.361934603835773,0.079128169,0.14380479,0.5859195,0.0067242328,0.0034654296,0.28513792,0.0026297942,0.70204264
ESTACADA SD 108,mth,3,1.7095063460632,-0.64473936033843,0.048324514,0.11252204,0.46169615,0.0039321715,0.014461118,0.1414104,0.0099223768,0.83027393
ESTACADA SD 108,rla,3,1.93286947642987,-2.23946352587922,0.048324514,0.11252204,0.46169615,0.0039321715,0.014461118,0.1414104,0.0099223768,0.83027393
ESTACADA SD 108,mth,5,3.81070176316328,0.002622416271419,0.048324514,0.11252204,0.46169615,0.0039321715,0.014461118,0.1414104,0.0099223768,0.83027393
ESTACADA SD 108,rla,5,3.85896568098005,-1.17041357907197,0.048324514,0.11252204,0.46169615,0.0039321715,0.014461118,0.1414104,0.0099223768,0.83027393
FERN RIDGE SD 28J,mth,3,2.78972252399643,-0.265381143341855,0.011517615,0.19241193,0.51407409,0.029276602,0.005282369,0.074822389,0.0096284403,0.88099021
FERN RIDGE SD 28J,rla,3,3.56776858560471,-1.34659315112872,0.011517615,0.19241193,0.51407409,0.029276602,0.005282369,0.074822389,0.0096284403,0.88099021
FERN RIDGE SD 28J,rla,4,3.90865741186628,-0.441322509654815,0.011517615,0.19241193,0.51407409,0.029276602,0.005282369,0.074822389,0.0096284403,0.88099021
FERN RIDGE SD 28J,mth,6,4.63740885367263,0.455905946427784,0.011517615,0.19241193,0.51407409,0.029276602,0.005282369,0.074822389,0.0096284403,0.88099021
FERN RIDGE SD 28J,rla,6,4.72946448584952,-0.0332132377312804,0.011517615,0.19241193,0.51407409,0.029276602,0.005282369,0.074822389,0.0096284403,0.88099021
SIUSLAW SD 97J,mth,4,3.55836960637269,0.479214525338553,0.017113095,0.15773809,0.65385133,0.031031787,0.011582933,0.09520255,0.0018585065,0.86032426
SIUSLAW SD 97J,rla,4,4.12040399794893,0.670085945352863,0.017113095,0.15773809,0.65385133,0.031031787,0.011582933,0.09520255,0.0018585065,0.86032426
SIUSLAW SD 97J,mth,5,3.80674860298556,-0.52607335451565,0.017113095,0.15773809,0.65385133,0.031031787,0.011582933,0.09520255,0.0018585065,0.86032426
SIUSLAW SD 97J,rla,5,4.17049163741656,-1.30228883502137,0.017113095,0.15773809,0.65385133,0.031031787,0.011582933,0.09520255,0.0018585065,0.86032426
FOREST GROVE SD 15,mth,3,2.02584859393506,0.588158304177906,0.15999347,0.1717601,0.56197327,0.0049973442,0.0099950647,0.55809349,0.0066415947,0.42027256
FOREST GROVE SD 15,rla,3,1.84948190249508,-0.462726933403511,0.15999347,0.1717601,0.56197327,0.0049973442,0.0099950647,0.55809349,0.0066415947,0.42027256
FOREST GROVE SD 15,mth,4,3.20656814581927,0.0360076523820747,0.15999347,0.1717601,0.56197327,0.0049973442,0.0099950647,0.55809349,0.0066415947,0.42027256
FOREST GROVE SD 15,rla,4,3.6150900347806,-0.480353772002535,0.15999347,0.1717601,0.56197327,0.0049973442,0.0099950647,0.55809349,0.0066415947,0.42027256
FOREST GROVE SD 15,mth,5,4.33987575942721,0.176695348969501,0.15999347,0.1717601,0.56197327,0.0049973442,0.0099950647,0.55809349,0.0066415947,0.42027256
FOREST GROVE SD 15,rla,5,4.23459195751525,-1.2613914548705,0.15999347,0.1717601,0.56197327,0.0049973442,0.0099950647,0.55809349,0.0066415947,0.42027256
FOREST GROVE SD 15,mth,6,5.52425152424371,-0.776977351449931,0.15999347,0.1717601,0.56197327,0.0049973442,0.0099950647,0.55809349,0.0066415947,0.42027256
FOREST GROVE SD 15,rla,6,5.54479915280186,-1.0533792775396,0.15999347,0.1717601,0.56197327,0.0049973442,0.0099950647,0.55809349,0.0066415947,0.42027256
GLADSTONE SD 115,mth,3,3.29973588973576,-0.0073344570072043,0.030858245,0.12102218,0.44886565,0.0050725807,0.013236512,0.17270675,0.013236512,0.79574764
GLADSTONE SD 115,rla,3,3.19653506765659,0.149120272035483,0.030858245,0.12102218,0.44886565,0.0050725807,0.013236512,0.17270675,0.013236512,0.79574764
GLADSTONE SD 115,mth,4,4.05731968769347,0.0315210459492279,0.030858245,0.12102218,0.44886565,0.0050725807,0.013236512,0.17270675,0.013236512,0.79574764
GLADSTONE SD 115,rla,4,4.51605575657409,-1.59839951714186,0.030858245,0.12102218,0.44886565,0.0050725807,0.013236512,0.17270675,0.013236512,0.79574764
GLADSTONE SD 115,mth,5,4.31526707151919,0.6703779794062,0.030858245,0.12102218,0.44886565,0.0050725807,0.013236512,0.17270675,0.013236512,0.79574764
GLADSTONE SD 115,rla,5,5.44806382074166,-0.19792531953488,0.030858245,0.12102218,0.44886565,0.0050725807,0.013236512,0.17270675,0.013236512,0.79574764
GLADSTONE SD 115,mth,6,5.55158433800262,-0.38940928790638,0.030858245,0.12102218,0.44886565,0.0050725807,0.013236512,0.17270675,0.013236512,0.79574764
GLADSTONE SD 115,rla,6,6.04627005340682,-1.40861960372965,0.030858245,0.12102218,0.44886565,0.0050725807,0.013236512,0.17270675,0.013236512,0.79574764
GLIDE SD 12,mth,3,2.6480435088843,-0.405127579597376,0.0040160641,0.11646587,0.50072873,0.011837827,0,0.07558877,0,0.9125734
GLIDE SD 12,rla,3,3.34566139090324,-0.736570819696468,0.0040160641,0.11646587,0.50072873,0.011837827,0,0.07558877,0,0.9125734
GLIDE SD 12,mth,5,4.78991513310936,1.39467982341518,0.0040160641,0.11646587,0.50072873,0.011837827,0,0.07558877,0,0.9125734
GLIDE SD 12,rla,6,4.92311432739392,-1.68182010886585,0.0040160641,0.11646587,0.50072873,0.011837827,0,0.07558877,0,0.9125734
GRANTS PASS SD 7,mth,3,2.26136802368957,0.466186143382156,0.021081876,0.13368197,0.66243982,0.0095037827,0.0084091565,0.15412992,0.0045326957,0.82342446
GRANTS PASS SD 7,rla,3,2.95862798954429,0.124376286462898,0.021081876,0.13368197,0.66243982,0.0095037827,0.0084091565,0.15412992,0.0045326957,0.82342446
GRANTS PASS SD 7,mth,5,4.32405289830799,0.16451234179317,0.021081876,0.13368197,0.66243982,0.0095037827,0.0084091565,0.15412992,0.0045326957,0.82342446
GRANTS PASS SD 7,rla,5,4.85473532998097,-0.761792513396932,0.021081876,0.13368197,0.66243982,0.0095037827,0.0084091565,0.15412992,0.0045326957,0.82342446
GRANTS PASS SD 7,rla,6,5.80153097294937,-0.895628145938001,0.021081876,0.13368197,0.66243982,0.0095037827,0.0084091565,0.15412992,0.0045326957,0.82342446
GRESHAM-BARLOW SD 10J,mth,3,1.7396566022663,0.0694315409580647,0.10958676,0.14492393,0.59141898,0.010227237,0.029242704,0.31013727,0.034214389,0.61617839
GRESHAM-BARLOW SD 10J,rla,3,2.21260340411309,-1.0718063022048,0.10958676,0.14492393,0.59141898,0.010227237,0.029242704,0.31013727,0.034214389,0.61617839
GRESHAM-BARLOW SD 10J,mth,4,3.01300730385791,0.190513554690865,0.10958676,0.14492393,0.59141898,0.010227237,0.029242704,0.31013727,0.034214389,0.61617839
GRESHAM-BARLOW SD 10J,rla,4,3.31849704759832,-0.915889093276636,0.10958676,0.14492393,0.59141898,0.010227237,0.029242704,0.31013727,0.034214389,0.61617839
GRESHAM-BARLOW SD 10J,mth,5,3.96539476313199,0.297510196204873,0.10958676,0.14492393,0.59141898,0.010227237,0.029242704,0.31013727,0.034214389,0.61617839
GRESHAM-BARLOW SD 10J,rla,5,4.42620226402843,-0.4478912091075,0.10958676,0.14492393,0.59141898,0.010227237,0.029242704,0.31013727,0.034214389,0.61617839
GRESHAM-BARLOW SD 10J,mth,6,5.30360751656956,-0.422410093723519,0.10958676,0.14492393,0.59141898,0.010227237,0.029242704,0.31013727,0.034214389,0.61617839
GRESHAM-BARLOW SD 10J,rla,6,5.8926412091225,-0.90988704919238,0.10958676,0.14492393,0.59141898,0.010227237,0.029242704,0.31013727,0.034214389,0.61617839
HERMISTON SD 8,mth,3,3.03542443823137,-0.235496246683505,0.16987741,0.14185639,0.69331437,0.0038281612,0.0086973943,0.54800898,0.0046399529,0.43482551
HERMISTON SD 8,rla,3,2.87404599111412,-1.12551178559876,0.16987741,0.14185639,0.69331437,0.0038281612,0.0086973943,0.54800898,0.0046399529,0.43482551
HERMISTON SD 8,mth,4,4.28094535676207,-0.142462838724771,0.16987741,0.14185639,0.69331437,0.0038281612,0.0086973943,0.54800898,0.0046399529,0.43482551
HERMISTON SD 8,mth,5,5.43577085463356,-0.201874002166607,0.16987741,0.14185639,0.69331437,0.0038281612,0.0086973943,0.54800898,0.0046399529,0.43482551
HERMISTON SD 8,rla,5,5.01662795594334,-1.17290069213589,0.16987741,0.14185639,0.69331437,0.0038281612,0.0086973943,0.54800898,0.0046399529,0.43482551
HERMISTON SD 8,mth,6,6.2284435113981,-0.212223752740518,0.16987741,0.14185639,0.69331437,0.0038281612,0.0086973943,0.54800898,0.0046399529,0.43482551
HERMISTON SD 8,rla,6,6.15737991355545,-0.865342532171422,0.16987741,0.14185639,0.69331437,0.0038281612,0.0086973943,0.54800898,0.0046399529,0.43482551
HOOD RIVER COUNTY SD,mth,3,2.65567979423151,0.0099762211231251,0.18765311,0.1322881,0.5449177,0.012469199,0.011678053,0.44421273,0.0075419722,0.52409804
HOOD RIVER COUNTY SD,rla,3,2.61440855894127,-1.6209863230804,0.18765311,0.1322881,0.5449177,0.012469199,0.011678053,0.44421273,0.0075419722,0.52409804
HOOD RIVER COUNTY SD,mth,4,3.9342948779333,0.0955370575818448,0.18765311,0.1322881,0.5449177,0.012469199,0.011678053,0.44421273,0.0075419722,0.52409804
HOOD RIVER COUNTY SD,rla,4,4.11098171419438,-1.0085919485303,0.18765311,0.1322881,0.5449177,0.012469199,0.011678053,0.44421273,0.0075419722,0.52409804
JEFFERSON SD 14J,mth,3,1.30946542308749,0.452213422542193,0.10348837,0.16976744,0.60546255,0.0052319686,0,0.23442425,0.0092360312,0.75110775
JEFFERSON SD 14J,rla,3,1.59577142701664,-0.830422961719174,0.10348837,0.16976744,0.60546255,0.0052319686,0,0.23442425,0.0092360312,0.75110775
JEFFERSON SD 14J,mth,4,1.81101967146007,1.4246861381859,0.10348837,0.16976744,0.60546255,0.0052319686,0,0.23442425,0.0092360312,0.75110775
JEFFERSON SD 14J,rla,4,3.27571987382028,-0.292553353421879,0.10348837,0.16976744,0.60546255,0.0052319686,0,0.23442425,0.0092360312,0.75110775
JEFFERSON SD 14J,mth,5,3.86656158741972,0.446883909328149,0.10348837,0.16976744,0.60546255,0.0052319686,0,0.23442425,0.0092360312,0.75110775
JEFFERSON SD 14J,rla,5,4.05610290419632,-0.374404837224341,0.10348837,0.16976744,0.60546255,0.0052319686,0,0.23442425,0.0092360312,0.75110775
JEFFERSON SD 14J,mth,6,5.05362914817485,-0.555443208817387,0.10348837,0.16976744,0.60546255,0.0052319686,0,0.23442425,0.0092360312,0.75110775
JEFFERSON SD 14J,rla,6,5.24861694004155,0.0969160591515828,0.10348837,0.16976744,0.60546255,0.0052319686,0,0.23442425,0.0092360312,0.75110775
JEFFERSON COUNTY SD 509J,mth,3,1.99177834923042,0.464433277496628,0.23712374,0.18528429,0.8356359,0.33661345,0.0054174238,0.35291678,0.0058610402,0.29919133
JEFFERSON COUNTY SD 509J,rla,3,2.05453299179882,-0.56380715044344,0.23712374,0.18528429,0.8356359,0.33661345,0.0054174238,0.35291678,0.0058610402,0.29919133
JEFFERSON COUNTY SD 509J,mth,5,2.45278800460481,-0.717392467068792,0.23712374,0.18528429,0.8356359,0.33661345,0.0054174238,0.35291678,0.0058610402,0.29919133
JEFFERSON COUNTY SD 509J,rla,5,2.400871687575,-1.47994746619517,0.23712374,0.18528429,0.8356359,0.33661345,0.0054174238,0.35291678,0.0058610402,0.29919133
JEFFERSON COUNTY SD 509J,mth,6,3.28365397866215,0.79271275345212,0.23712374,0.18528429,0.8356359,0.33661345,0.0054174238,0.35291678,0.0058610402,0.29919133
JEFFERSON COUNTY SD 509J,rla,6,3.55226703480962,-0.546689028975055,0.23712374,0.18528429,0.8356359,0.33661345,0.0054174238,0.35291678,0.0058610402,0.29919133
JOHN DAY SD 3,mth,4,2.29540883100458,0.610968609135624,0.0048780488,0.16260162,0.51375389,0.0055760876,0,0.056364801,0.0076305331,0.93042862
JOHN DAY SD 3,rla,4,2.9035837422284,0.305492790066425,0.0048780488,0.16260162,0.51375389,0.0055760876,0,0.056364801,0.0076305331,0.93042862
JOHN DAY SD 3,mth,6,6.31510927533189,-1.18792117412186,0.0048780488,0.16260162,0.51375389,0.0055760876,0,0.056364801,0.0076305331,0.93042862
JOHN DAY SD 3,rla,6,5.97730803467216,-1.5905688824706,0.0048780488,0.16260162,0.51375389,0.0055760876,0,0.056364801,0.0076305331,0.93042862
JUNCTION CITY SD 69,mth,5,3.35452546593717,-0.0961273027172499,0.0297442,0.17192148,0.46240783,0.028363774,0.0091212373,0.11498496,0.0079905596,0.83953947
JUNCTION CITY SD 69,rla,5,4.18536387530963,-1.07513223807119,0.0297442,0.17192148,0.46240783,0.028363774,0.0091212373,0.11498496,0.0079905596,0.83953947
KLAMATH COUNTY SD,mth,3,2.32705382081963,0.392301559447432,0.042325653,0.13526134,0.69602174,0.06898088,0.0082616722,0.21013881,0.0077274144,0.7048912
KLAMATH COUNTY SD,rla,3,2.3348700207221,-0.658479765466318,0.042325653,0.13526134,0.69602174,0.06898088,0.0082616722,0.21013881,0.0077274144,0.7048912
KLAMATH COUNTY SD,mth,4,3.55071548074337,0.216520982829897,0.042325653,0.13526134,0.69602174,0.06898088,0.0082616722,0.21013881,0.0077274144,0.7048912
KLAMATH COUNTY SD,rla,4,3.56100849140197,-0.620924723020547,0.042325653,0.13526134,0.69602174,0.06898088,0.0082616722,0.21013881,0.0077274144,0.7048912
KLAMATH COUNTY SD,mth,5,4.33301480578576,0.34959666875245,0.042325653,0.13526134,0.69602174,0.06898088,0.0082616722,0.21013881,0.0077274144,0.7048912
KLAMATH COUNTY SD,rla,5,4.33490822154489,-0.646087972782271,0.042325653,0.13526134,0.69602174,0.06898088,0.0082616722,0.21013881,0.0077274144,0.7048912
KLAMATH COUNTY SD,mth,6,5.89879625272802,0.432158837606922,0.042325653,0.13526134,0.69602174,0.06898088,0.0082616722,0.21013881,0.0077274144,0.7048912
KLAMATH COUNTY SD,rla,6,5.91084597551823,-0.230646899223842,0.042325653,0.13526134,0.69602174,0.06898088,0.0082616722,0.21013881,0.0077274144,0.7048912
KLAMATH FALLS CITY SCHOOLS,mth,3,1.64519069931127,-0.161854109678127,0.037504148,0.16561566,0.70990908,0.079734281,0.015550137,0.24326234,0.0081496583,0.65330362
KLAMATH FALLS CITY SCHOOLS,rla,3,1.56607597608645,-0.836324412340515,0.037504148,0.16561566,0.70990908,0.079734281,0.015550137,0.24326234,0.0081496583,0.65330362
KLAMATH FALLS CITY SCHOOLS,mth,4,3.35280810585883,0.176494230075816,0.037504148,0.16561566,0.70990908,0.079734281,0.015550137,0.24326234,0.0081496583,0.65330362
KLAMATH FALLS CITY SCHOOLS,rla,4,2.68155482433502,-0.239183690811371,0.037504148,0.16561566,0.70990908,0.079734281,0.015550137,0.24326234,0.0081496583,0.65330362
KLAMATH FALLS CITY SCHOOLS,mth,5,4.04626705422006,0.428644350831394,0.037504148,0.16561566,0.70990908,0.079734281,0.015550137,0.24326234,0.0081496583,0.65330362
KLAMATH FALLS CITY SCHOOLS,rla,5,3.45689247215621,-0.860247345988197,0.037504148,0.16561566,0.70990908,0.079734281,0.015550137,0.24326234,0.0081496583,0.65330362
KLAMATH FALLS CITY SCHOOLS,mth,6,5.33800628799363,-0.681376760033694,0.037504148,0.16561566,0.70990908,0.079734281,0.015550137,0.24326234,0.0081496583,0.65330362
KLAMATH FALLS CITY SCHOOLS,rla,6,5.16876731964042,-1.38925818379727,0.037504148,0.16561566,0.70990908,0.079734281,0.015550137,0.24326234,0.0081496583,0.65330362
LA GRANDE SD 1,rla,3,2.42070824064298,-0.312387718205021,0.025858415,0.16362865,0.53478473,0.021704493,0.010478289,0.092734434,0.0054848348,0.86959797
LA GRANDE SD 1,rla,4,3.22475722851647,-1.33559319175328,0.025858415,0.16362865,0.53478473,0.021704493,0.010478289,0.092734434,0.0054848348,0.86959797
LA GRANDE SD 1,mth,6,6.00728344949355,1.09917653256089,0.025858415,0.16362865,0.53478473,0.021704493,0.010478289,0.092734434,0.0054848348,0.86959797
LA GRANDE SD 1,rla,6,5.41077866302285,0.0005831763399498,0.025858415,0.16362865,0.53478473,0.021704493,0.010478289,0.092734434,0.0054848348,0.86959797
LAKE OSWEGO SD 7J,mth,3,5.33733105222922,0.579051427910645,0.019073185,0.10087595,0.081566475,0.0026297106,0.11645339,0.072140276,0.0058851414,0.80289149
LAKE OSWEGO SD 7J,rla,3,6.46461834513732,-0.376252825842727,0.019073185,0.10087595,0.081566475,0.0026297106,0.11645339,0.072140276,0.0058851414,0.80289149
LAKE OSWEGO SD 7J,mth,4,6.92487034579449,0.701748168886417,0.019073185,0.10087595,0.081566475,0.0026297106,0.11645339,0.072140276,0.0058851414,0.80289149
LAKE OSWEGO SD 7J,rla,4,7.337136616546,-0.682409154038466,0.019073185,0.10087595,0.081566475,0.0026297106,0.11645339,0.072140276,0.0058851414,0.80289149
LAKE OSWEGO SD 7J,mth,5,7.60803390699177,0.312846261599935,0.019073185,0.10087595,0.081566475,0.0026297106,0.11645339,0.072140276,0.0058851414,0.80289149
LAKE OSWEGO SD 7J,rla,5,7.67361700040545,-0.967451995697784,0.019073185,0.10087595,0.081566475,0.0026297106,0.11645339,0.072140276,0.0058851414,0.80289149
LAKE OSWEGO SD 7J,mth,6,8.23534678549561,-0.607549067705828,0.019073185,0.10087595,0.081566475,0.0026297106,0.11645339,0.072140276,0.0058851414,0.80289149
LAKE OSWEGO SD 7J,rla,6,8.65991745443314,-1.55569953045177,0.019073185,0.10087595,0.081566475,0.0026297106,0.11645339,0.072140276,0.0058851414,0.80289149
LAKE COUNTY SD 7,mth,3,3.0285339729975,0.548952090800013,0.038666666,0.15466666,0.51703113,0.02836265,0,0.20057589,0.0013423966,0.76971906
LAKE COUNTY SD 7,rla,3,3.36166716473504,0.729624489198375,0.038666666,0.15466666,0.51703113,0.02836265,0,0.20057589,0.0013423966,0.76971906
LAKE COUNTY SD 7,mth,4,3.96171357226349,0.809368194948934,0.038666666,0.15466666,0.51703113,0.02836265,0,0.20057589,0.0013423966,0.76971906
LAKE COUNTY SD 7,rla,4,4.42477643784582,-0.158700678148745,0.038666666,0.15466666,0.51703113,0.02836265,0,0.20057589,0.0013423966,0.76971906
LAKE COUNTY SD 7,mth,5,5.08570985696358,-0.0942082513494847,0.038666666,0.15466666,0.51703113,0.02836265,0,0.20057589,0.0013423966,0.76971906
LAKE COUNTY SD 7,rla,5,4.88170479850854,-1.93394768449602,0.038666666,0.15466666,0.51703113,0.02836265,0,0.20057589,0.0013423966,0.76971906
LAKE COUNTY SD 7,mth,6,6.77849152014584,0.645394412506478,0.038666666,0.15466666,0.51703113,0.02836265,0,0.20057589,0.0013423966,0.76971906
LAKE COUNTY SD 7,rla,6,5.86147461237001,0.597554780100913,0.038666666,0.15466666,0.51703113,0.02836265,0,0.20057589,0.0013423966,0.76971906
LEBANON COMMUNITY SD 9,mth,3,1.95398640701107,0.146901818060466,0.018951802,0.17173608,0.55309045,0.014360525,0.0058797393,0.12552442,0.0028833975,0.85135192
LEBANON COMMUNITY SD 9,rla,3,2.64282613665248,0.0741212844229443,0.018951802,0.17173608,0.55309045,0.014360525,0.0058797393,0.12552442,0.0028833975,0.85135192
LEBANON COMMUNITY SD 9,mth,5,4.42913346487549,0.20598592878955,0.018951802,0.17173608,0.55309045,0.014360525,0.0058797393,0.12552442,0.0028833975,0.85135192
LEBANON COMMUNITY SD 9,rla,5,3.90235446960236,-0.821362223923567,0.018951802,0.17173608,0.55309045,0.014360525,0.0058797393,0.12552442,0.0028833975,0.85135192
MCMINNVILLE SD 40,mth,3,3.73474462001059,0.288921262957089,0.12856509,0.14216049,0.60890543,0.011977882,0.011258093,0.36690602,0.010979669,0.59887832
MCMINNVILLE SD 40,rla,3,3.52380300283939,-0.461692389287861,0.12856509,0.14216049,0.60890543,0.011977882,0.011258093,0.36690602,0.010979669,0.59887832
MCMINNVILLE SD 40,mth,4,4.58081438370158,0.557863043483599,0.12856509,0.14216049,0.60890543,0.011977882,0.011258093,0.36690602,0.010979669,0.59887832
MCMINNVILLE SD 40,rla,4,4.23503088469422,-0.145530851019907,0.12856509,0.14216049,0.60890543,0.011977882,0.011258093,0.36690602,0.010979669,0.59887832
MCMINNVILLE SD 40,mth,5,5.57927009760351,0.0035348470384797,0.12856509,0.14216049,0.60890543,0.011977882,0.011258093,0.36690602,0.010979669,0.59887832
MCMINNVILLE SD 40,rla,5,5.40636873271701,-0.586381764945607,0.12856509,0.14216049,0.60890543,0.011977882,0.011258093,0.36690602,0.010979669,0.59887832
MCMINNVILLE SD 40,mth,6,6.1792693158963,-0.278283596692038,0.12856509,0.14216049,0.60890543,0.011977882,0.011258093,0.36690602,0.010979669,0.59887832
MCMINNVILLE SD 40,rla,6,5.84542489133664,-1.035468203835,0.12856509,0.14216049,0.60890543,0.011977882,0.011258093,0.36690602,0.010979669,0.59887832
MEDFORD SD 549C,mth,3,2.58514481407343,-0.0484398188108528,0.068536259,0.15036017,0.53313297,0.0059218709,0.011951716,0.27737847,0.008669435,0.69607854
MEDFORD SD 549C,rla,3,2.96348779748043,-1.02460696589965,0.068536259,0.15036017,0.53313297,0.0059218709,0.011951716,0.27737847,0.008669435,0.69607854
MEDFORD SD 549C,mth,4,3.70431683814483,0.216515905725379,0.068536259,0.15036017,0.53313297,0.0059218709,0.011951716,0.27737847,0.008669435,0.69607854
MEDFORD SD 549C,rla,4,4.03822569637661,-0.534974389127962,0.068536259,0.15036017,0.53313297,0.0059218709,0.011951716,0.27737847,0.008669435,0.69607854
MEDFORD SD 549C,mth,5,4.64219776319965,0.409137836519899,0.068536259,0.15036017,0.53313297,0.0059218709,0.011951716,0.27737847,0.008669435,0.69607854
MEDFORD SD 549C,rla,5,4.95371622841435,-0.723735121914063,0.068536259,0.15036017,0.53313297,0.0059218709,0.011951716,0.27737847,0.008669435,0.69607854
MEDFORD SD 549C,mth,6,5.82087843218523,0.337780569559641,0.068536259,0.15036017,0.53313297,0.0059218709,0.011951716,0.27737847,0.008669435,0.69607854
MEDFORD SD 549C,rla,6,6.23284167537873,-0.518622795230283,0.068536259,0.15036017,0.53313297,0.0059218709,0.011951716,0.27737847,0.008669435,0.69607854
MILTON-FREEWATER UNIFIED SD 7,mth,3,1.88293968300965,-0.0702131721145883,0.22087659,0.14129181,0.80212283,0.0067956396,0.013688805,0.57833642,0,0.40117911
MILTON-FREEWATER UNIFIED SD 7,rla,3,2.21865303773677,-1.28294415979687,0.22087659,0.14129181,0.80212283,0.0067956396,0.013688805,0.57833642,0,0.40117911
MILTON-FREEWATER UNIFIED SD 7,mth,4,2.27196917902578,0.295224287365822,0.22087659,0.14129181,0.80212283,0.0067956396,0.013688805,0.57833642,0,0.40117911
MILTON-FREEWATER UNIFIED SD 7,rla,4,1.6890224396037,-1.34390597149832,0.22087659,0.14129181,0.80212283,0.0067956396,0.013688805,0.57833642,0,0.40117911
MILTON-FREEWATER UNIFIED SD 7,mth,5,3.60742204070478,0.119392593568007,0.22087659,0.14129181,0.80212283,0.0067956396,0.013688805,0.57833642,0,0.40117911
MILTON-FREEWATER UNIFIED SD 7,rla,5,3.52253474877789,-0.13401039266624,0.22087659,0.14129181,0.80212283,0.0067956396,0.013688805,0.57833642,0,0.40117911
MILTON-FREEWATER UNIFIED SD 7,mth,6,5.50660529623869,-0.426972135022906,0.22087659,0.14129181,0.80212283,0.0067956396,0.013688805,0.57833642,0,0.40117911
MILTON-FREEWATER UNIFIED SD 7,rla,6,5.13342379629157,-0.773375212485107,0.22087659,0.14129181,0.80212283,0.0067956396,0.013688805,0.57833642,0,0.40117911
MOLALLA RIVER SD 35,rla,3,2.70997590275907,-0.489579736188479,0.054492962,0.16744858,0.41393587,0.0043970393,0.0043616872,0.18775995,0.0018929535,0.80158836
MORROW SD 1,mth,3,1.28188319898919,0.218817411390805,0.20706402,0.14701986,0.75664049,0.00093983981,0.0031515148,0.59233993,0.0013265165,0.40224221
MORROW SD 1,mth,4,2.20279805811711,0.166986155178486,0.20706402,0.14701986,0.75664049,0.00093983981,0.0031515148,0.59233993,0.0013265165,0.40224221
MORROW SD 1,rla,4,2.02807394650455,-1.12886812978545,0.20706402,0.14701986,0.75664049,0.00093983981,0.0031515148,0.59233993,0.0013265165,0.40224221
MORROW SD 1,mth,5,2.26039611811835,0.69852401578906,0.20706402,0.14701986,0.75664049,0.00093983981,0.0031515148,0.59233993,0.0013265165,0.40224221
MORROW SD 1,rla,5,2.50481616947656,-0.452624956126485,0.20706402,0.14701986,0.75664049,0.00093983981,0.0031515148,0.59233993,0.0013265165,0.40224221
MORROW SD 1,mth,6,4.59239884858261,-0.705468234771518,0.20706402,0.14701986,0.75664049,0.00093983981,0.0031515148,0.59233993,0.0013265165,0.40224221
MORROW SD 1,rla,6,4.58908301174637,-1.819619770171,0.20706402,0.14701986,0.75664049,0.00093983981,0.0031515148,0.59233993,0.0013265165,0.40224221
MT ANGEL SD 91,mth,3,2.30892334044822,1.7255023453322,0.14285715,0.12433863,0.56872028,0.0028928784,0.004217736,0.45878276,0.0085165268,0.52559006
MT ANGEL SD 91,rla,3,2.63743894051918,1.14591489072078,0.14285715,0.12433863,0.56872028,0.0028928784,0.004217736,0.45878276,0.0085165268,0.52559006
MT ANGEL SD 91,mth,4,3.85712144729362,-1.03599069786346,0.14285715,0.12433863,0.56872028,0.0028928784,0.004217736,0.45878276,0.0085165268,0.52559006
MT ANGEL SD 91,rla,4,3.62342601879636,-2.55550628548188,0.14285715,0.12433863,0.56872028,0.0028928784,0.004217736,0.45878276,0.0085165268,0.52559006
MT ANGEL SD 91,mth,5,4.59780215200172,1.46143653069094,0.14285715,0.12433863,0.56872028,0.0028928784,0.004217736,0.45878276,0.0085165268,0.52559006
MT ANGEL SD 91,rla,5,3.9258392209261,0.16441992092042,0.14285715,0.12433863,0.56872028,0.0028928784,0.004217736,0.45878276,0.0085165268,0.52559006
MT ANGEL SD 91,mth,6,6.11013796035108,0.912040419374084,0.14285715,0.12433863,0.56872028,0.0028928784,0.004217736,0.45878276,0.0085165268,0.52559006
MT ANGEL SD 91,rla,6,5.89035871642656,-0.0602398668286884,0.14285715,0.12433863,0.56872028,0.0028928784,0.004217736,0.45878276,0.0085165268,0.52559006
NEAH-KAH-NIE SD 56,mth,3,2.86021179740072,0.173251363632072,0.038560413,0.16452442,0.51424521,0.011335799,0.0083368896,0.12923984,0.0014941712,0.84959328
NEAH-KAH-NIE SD 56,rla,3,3.40009569803984,-0.911096293595871,0.038560413,0.16452442,0.51424521,0.011335799,0.0083368896,0.12923984,0.0014941712,0.84959328
NEAH-KAH-NIE SD 56,mth,4,3.14088798945828,-0.939143181020392,0.038560413,0.16452442,0.51424521,0.011335799,0.0083368896,0.12923984,0.0014941712,0.84959328
NEAH-KAH-NIE SD 56,rla,4,3.70199224151366,-1.05835568851946,0.038560413,0.16452442,0.51424521,0.011335799,0.0083368896,0.12923984,0.0014941712,0.84959328
NEAH-KAH-NIE SD 56,mth,5,3.4855914796147,-1.2871091329071,0.038560413,0.16452442,0.51424521,0.011335799,0.0083368896,0.12923984,0.0014941712,0.84959328
NEAH-KAH-NIE SD 56,rla,5,3.88419662371512,-1.75615761501372,0.038560413,0.16452442,0.51424521,0.011335799,0.0083368896,0.12923984,0.0014941712,0.84959328
NEAH-KAH-NIE SD 56,mth,6,5.83262089731834,-0.501159581130113,0.038560413,0.16452442,0.51424521,0.011335799,0.0083368896,0.12923984,0.0014941712,0.84959328
NEAH-KAH-NIE SD 56,rla,6,6.56771620691982,-0.684457745716616,0.038560413,0.16452442,0.51424521,0.011335799,0.0083368896,0.12923984,0.0014941712,0.84959328
NEWBERG SD 29J,mth,3,2.94512579997544,0.279280781686639,0.055172414,0.13891625,0.39109275,0.0046439394,0.011021313,0.20493034,0.011591054,0.76781338
NEWBERG SD 29J,rla,3,3.34364360587376,-1.0530769979705,0.055172414,0.13891625,0.39109275,0.0046439394,0.011021313,0.20493034,0.011591054,0.76781338
NEWBERG SD 29J,mth,5,5.56178391933443,0.412774203043256,0.055172414,0.13891625,0.39109275,0.0046439394,0.011021313,0.20493034,0.011591054,0.76781338
NORTH BEND SD 13,mth,5,5.55074883045917,-0.403562409291258,0.012076173,0.13539247,0.54278821,0.021814318,0.021956025,0.13067164,0.016817234,0.80874079
NORTH BEND SD 13,rla,5,5.8417751822832,-0.63125904489196,0.012076173,0.13539247,0.54278821,0.021814318,0.021956025,0.13067164,0.016817234,0.80874079
NORTH BEND SD 13,rla,6,5.80511543285364,-0.918076747275139,0.012076173,0.13539247,0.54278821,0.021814318,0.021956025,0.13067164,0.016817234,0.80874079
NORTH CLACKAMAS SD 12,mth,3,2.48719457073868,0.227933144117345,0.089160532,0.17756793,0.36624631,0.0060635097,0.088062383,0.20275317,0.020130469,0.68299049
NORTH CLACKAMAS SD 12,rla,3,3.03679906384953,-0.695952882488215,0.089160532,0.17756793,0.36624631,0.0060635097,0.088062383,0.20275317,0.020130469,0.68299049
NORTH CLACKAMAS SD 12,mth,4,3.47515898526477,0.260436995754032,0.089160532,0.17756793,0.36624631,0.0060635097,0.088062383,0.20275317,0.020130469,0.68299049
NORTH CLACKAMAS SD 12,rla,4,3.91597962357247,-0.473924021477689,0.089160532,0.17756793,0.36624631,0.0060635097,0.088062383,0.20275317,0.020130469,0.68299049
NORTH CLACKAMAS SD 12,mth,5,4.74157603683909,-0.359800321307153,0.089160532,0.17756793,0.36624631,0.0060635097,0.088062383,0.20275317,0.020130469,0.68299049
NORTH CLACKAMAS SD 12,rla,5,5.21150410012201,-1.46323355128679,0.089160532,0.17756793,0.36624631,0.0060635097,0.088062383,0.20275317,0.020130469,0.68299049
NORTH CLACKAMAS SD 12,mth,6,6.25620235976021,-0.240334717386205,0.089160532,0.17756793,0.36624631,0.0060635097,0.088062383,0.20275317,0.020130469,0.68299049
NORTH CLACKAMAS SD 12,rla,6,6.47815875715943,-1.01225671562363,0.089160532,0.17756793,0.36624631,0.0060635097,0.088062383,0.20275317,0.020130469,0.68299049
NORTH MARION SD 15,mth,3,1.27492639873905,0.350292338554314,0.1495816,0.16161087,0.58068055,0.0057414328,0.0046006911,0.49019995,0,0.49945793
NORTH MARION SD 15,mth,4,3.00045079268883,0.998930237856628,0.1495816,0.16161087,0.58068055,0.0057414328,0.0046006911,0.49019995,0,0.49945793
NORTH MARION SD 15,rla,4,2.99539497855461,0.0748649577636359,0.1495816,0.16161087,0.58068055,0.0057414328,0.0046006911,0.49019995,0,0.49945793
NORTH MARION SD 15,mth,6,3.83535820503518,-0.667402626128637,0.1495816,0.16161087,0.58068055,0.0057414328,0.0046006911,0.49019995,0,0.49945793
NORTH MARION SD 15,rla,6,4.60563178046168,-0.937803010967036,0.1495816,0.16161087,0.58068055,0.0057414328,0.0046006911,0.49019995,0,0.49945793
NYSSA SD 26,mth,4,2.79311527119855,-0.592551183567167,0.28595316,0.15301004,0.71913576,0,0,0.68394381,0,0.31605616
NYSSA SD 26,rla,4,3.54782862211319,-1.75548853119327,0.28595316,0.15301004,0.71913576,0,0,0.68394381,0,0.31605616
NYSSA SD 26,mth,5,2.92749539074329,-1.27359541831745,0.28595316,0.15301004,0.71913576,0,0,0.68394381,0,0.31605616
NYSSA SD 26,rla,5,3.68653222017361,-1.63876431202237,0.28595316,0.15301004,0.71913576,0,0,0.68394381,0,0.31605616
NYSSA SD 26,mth,6,4.43015559733486,-0.522614665120663,0.28595316,0.15301004,0.71913576,0,0,0.68394381,0,0.31605616
NYSSA SD 26,rla,6,5.24001612440555,-2.08699532380046,0.28595316,0.15301004,0.71913576,0,0,0.68394381,0,0.31605616
OAKLAND SD 1,mth,3,2.30079763973109,1.29637639079835,0,0.088607594,0.5897513,0.015994305,0.0047524096,0.075483002,0.0032447432,0.90052551
OAKLAND SD 1,rla,3,3.05713228826272,2.39317542837371,0,0.088607594,0.5897513,0.015994305,0.0047524096,0.075483002,0.0032447432,0.90052551
OAKLAND SD 1,mth,5,5.28172315459185,0.936189616752716,0,0.088607594,0.5897513,0.015994305,0.0047524096,0.075483002,0.0032447432,0.90052551
OAKLAND SD 1,rla,5,5.25634447514538,-0.240057431876188,0,0.088607594,0.5897513,0.015994305,0.0047524096,0.075483002,0.0032447432,0.90052551
OAKLAND SD 1,mth,6,6.40517980806514,-0.331553893230862,0,0.088607594,0.5897513,0.015994305,0.0047524096,0.075483002,0.0032447432,0.90052551
OAKLAND SD 1,rla,6,6.96863270087211,-1.74670356919757,0,0.088607594,0.5897513,0.015994305,0.0047524096,0.075483002,0.0032447432,0.90052551
ONTARIO SD 8C,mth,3,1.17287413248636,-0.432944533168374,0.10357506,0.15450208,0.8236506,0.0015337992,0.001807895,0.69325113,0.011508729,0.29189843
ONTARIO SD 8C,rla,3,0.905681741597604,-1.01328872389361,0.10357506,0.15450208,0.8236506,0.0015337992,0.001807895,0.69325113,0.011508729,0.29189843
ONTARIO SD 8C,mth,4,2.54981496222268,0.0905568681671839,0.10357506,0.15450208,0.8236506,0.0015337992,0.001807895,0.69325113,0.011508729,0.29189843
ONTARIO SD 8C,rla,4,2.647075165624,-0.42319371465261,0.10357506,0.15450208,0.8236506,0.0015337992,0.001807895,0.69325113,0.011508729,0.29189843
ONTARIO SD 8C,mth,5,4.04626837793052,0.314337335042936,0.10357506,0.15450208,0.8236506,0.0015337992,0.001807895,0.69325113,0.011508729,0.29189843
ONTARIO SD 8C,rla,5,4.22310887151741,-0.291837811286403,0.10357506,0.15450208,0.8236506,0.0015337992,0.001807895,0.69325113,0.011508729,0.29189843
ONTARIO SD 8C,mth,6,5.36292486363883,-0.300811966236355,0.10357506,0.15450208,0.8236506,0.0015337992,0.001807895,0.69325113,0.011508729,0.29189843
ONTARIO SD 8C,rla,6,5.6389720420531,-0.998923793496816,0.10357506,0.15450208,0.8236506,0.0015337992,0.001807895,0.69325113,0.011508729,0.29189843
OREGON CITY SD 62,mth,3,1.95175186264452,-0.0844669811734698,0.040720049,0.17094973,0.37315622,0.0059598009,0.015689658,0.14709179,0.0075128586,0.82374591
OREGON CITY SD 62,rla,3,2.69617883089794,-0.443074144982148,0.040720049,0.17094973,0.37315622,0.0059598009,0.015689658,0.14709179,0.0075128586,0.82374591
OREGON CITY SD 62,mth,4,3.59258712284543,0.649892395254943,0.040720049,0.17094973,0.37315622,0.0059598009,0.015689658,0.14709179,0.0075128586,0.82374591
OREGON CITY SD 62,rla,4,4.12497886477225,-0.383848550094619,0.040720049,0.17094973,0.37315622,0.0059598009,0.015689658,0.14709179,0.0075128586,0.82374591
OREGON CITY SD 62,mth,5,4.61641347974935,-0.529490602628384,0.040720049,0.17094973,0.37315622,0.0059598009,0.015689658,0.14709179,0.0075128586,0.82374591
OREGON CITY SD 62,rla,5,4.84970871187675,-0.981882326415775,0.040720049,0.17094973,0.37315622,0.0059598009,0.015689658,0.14709179,0.0075128586,0.82374591
OREGON CITY SD 62,mth,6,5.82578500154606,-0.0489709716134802,0.040720049,0.17094973,0.37315622,0.0059598009,0.015689658,0.14709179,0.0075128586,0.82374591
PARKROSE SD 3,mth,5,3.23569661996249,-0.514842022353388,0.13938461,0.17753845,0.7704736,0.011910864,0.11695258,0.30955082,0.16785096,0.39373478
PARKROSE SD 3,rla,5,3.58156468776898,-1.07767795917866,0.13938461,0.17753845,0.7704736,0.011910864,0.11695258,0.30955082,0.16785096,0.39373478
PARKROSE SD 3,mth,6,4.48831471366565,-0.96955549269867,0.13938461,0.17753845,0.7704736,0.011910864,0.11695258,0.30955082,0.16785096,0.39373478
PARKROSE SD 3,rla,6,5.81324185544995,-1.29558068901657,0.13938461,0.17753845,0.7704736,0.011910864,0.11695258,0.30955082,0.16785096,0.39373478
PENDLETON SD 16,mth,3,2.44781570837671,0.170355911578887,0.016481776,0.16164818,0.50310898,0.13768056,0.0092350505,0.14887564,0.0023429506,0.70186579
PENDLETON SD 16,rla,3,2.1232958075355,-0.308017644975487,0.016481776,0.16164818,0.50310898,0.13768056,0.0092350505,0.14887564,0.0023429506,0.70186579
PENDLETON SD 16,mth,4,3.33216576812185,0.755793577022696,0.016481776,0.16164818,0.50310898,0.13768056,0.0092350505,0.14887564,0.0023429506,0.70186579
PENDLETON SD 16,rla,4,2.93575775675688,0.0995194904262966,0.016481776,0.16164818,0.50310898,0.13768056,0.0092350505,0.14887564,0.0023429506,0.70186579
PENDLETON SD 16,mth,5,4.66819580045784,0.309956317256128,0.016481776,0.16164818,0.50310898,0.13768056,0.0092350505,0.14887564,0.0023429506,0.70186579
PENDLETON SD 16,rla,5,4.66071624781366,-0.770323779335409,0.016481776,0.16164818,0.50310898,0.13768056,0.0092350505,0.14887564,0.0023429506,0.70186579
PENDLETON SD 16,mth,6,5.49297630693258,-0.462208235309002,0.016481776,0.16164818,0.50310898,0.13768056,0.0092350505,0.14887564,0.0023429506,0.70186579
PENDLETON SD 16,rla,6,5.00523080376602,-0.779772360628321,0.016481776,0.16164818,0.50310898,0.13768056,0.0092350505,0.14887564,0.0023429506,0.70186579
PHILOMATH SD 17J,mth,4,3.90744875384956,-0.108910889437474,0.0079950802,0.10270603,0.42335549,0.012673026,0.0081442855,0.070070304,0.0025595922,0.90655279
PHILOMATH SD 17J,rla,4,4.09972659219678,-1.11144531425535,0.0079950802,0.10270603,0.42335549,0.012673026,0.0081442855,0.070070304,0.0025595922,0.90655279
PHOENIX-TALENT SD 4,mth,3,0.951059627788357,0.228295353220589,0.11723872,0.18164289,0.65118945,0.018537974,0.0066634775,0.36393213,0.013179358,0.59768707
PHOENIX-TALENT SD 4,rla,3,1.04888275801712,-0.765622028620965,0.11723872,0.18164289,0.65118945,0.018537974,0.0066634775,0.36393213,0.013179358,0.59768707
PHOENIX-TALENT SD 4,rla,4,2.51793156391583,-0.326653596908662,0.11723872,0.18164289,0.65118945,0.018537974,0.0066634775,0.36393213,0.013179358,0.59768707
PHOENIX-TALENT SD 4,rla,6,4.75855284634368,-1.02954395135539,0.11723872,0.18164289,0.65118945,0.018537974,0.0066634775,0.36393213,0.013179358,0.59768707
REYNOLDS SD 7,mth,4,1.29929194516681,-0.131621177231811,0.2771318,0.17415434,0.71351963,0.0095550092,0.077276297,0.45141935,0.096569479,0.36517987
REYNOLDS SD 7,rla,4,1.81904272401206,-0.562308478548243,0.2771318,0.17415434,0.71351963,0.0095550092,0.077276297,0.45141935,0.096569479,0.36517987
REYNOLDS SD 7,mth,5,2.47363846031205,-0.670566100764101,0.2771318,0.17415434,0.71351963,0.0095550092,0.077276297,0.45141935,0.096569479,0.36517987
REYNOLDS SD 7,rla,5,3.11627559750689,-1.17416122561848,0.2771318,0.17415434,0.71351963,0.0095550092,0.077276297,0.45141935,0.096569479,0.36517987
REYNOLDS SD 7,mth,6,3.68245601992876,0.151544066577262,0.2771318,0.17415434,0.71351963,0.0095550092,0.077276297,0.45141935,0.096569479,0.36517987
REYNOLDS SD 7,rla,6,4.11461867217061,-0.602921212879524,0.2771318,0.17415434,0.71351963,0.0095550092,0.077276297,0.45141935,0.096569479,0.36517987
RIVERDALE SD 51J,rla,4,7.06723144729476,-1.55301765582929,0,0.05511811,0.084921539,0,0.059782609,0.065217391,0.0054347827,0.86956519
RIVERDALE SD 51J,mth,5,9.29540157365932,-1.19058527231253,0,0.05511811,0.084921539,0,0.059782609,0.065217391,0.0054347827,0.86956519
RIVERDALE SD 51J,rla,5,8.55855051397634,-1.97263326260519,0,0.05511811,0.084921539,0,0.059782609,0.065217391,0.0054347827,0.86956519
RIVERDALE SD 51J,mth,6,10.0063068726919,0.414223744497497,0,0.05511811,0.084921539,0,0.059782609,0.065217391,0.0054347827,0.86956519
RIVERDALE SD 51J,rla,6,10.5816994006433,-0.429706459079601,0,0.05511811,0.084921539,0,0.059782609,0.065217391,0.0054347827,0.86956519
ROGUE RIVER SD 35,mth,3,3.21161795812764,1.7315627258095,0.0041623311,0.17377731,0.63025045,0.018010896,0.013555886,0.07677386,0.0055099973,0.88614935
ROGUE RIVER SD 35,rla,3,3.46359128400682,1.00689888998583,0.0041623311,0.17377731,0.63025045,0.018010896,0.013555886,0.07677386,0.0055099973,0.88614935
ROGUE RIVER SD 35,mth,4,3.05272847541699,0.701914408956895,0.0041623311,0.17377731,0.63025045,0.018010896,0.013555886,0.07677386,0.0055099973,0.88614935
ROGUE RIVER SD 35,rla,4,3.71444053244448,-0.277064214906186,0.0041623311,0.17377731,0.63025045,0.018010896,0.013555886,0.07677386,0.0055099973,0.88614935
ROGUE RIVER SD 35,mth,6,4.02801314843169,-0.254993689455269,0.0041623311,0.17377731,0.63025045,0.018010896,0.013555886,0.07677386,0.0055099973,0.88614935
DOUGLAS COUNTY SD 4,mth,3,2.2844114118034,0.350067000936359,0.0070945388,0.12968157,0.60475945,0.01435076,0.010315282,0.12448691,0.0073664156,0.84348065
DOUGLAS COUNTY SD 4,rla,3,3.10096131723285,-0.421241112065091,0.0070945388,0.12968157,0.60475945,0.01435076,0.010315282,0.12448691,0.0073664156,0.84348065
DOUGLAS COUNTY SD 4,mth,4,3.10044511748223,0.559056186729839,0.0070945388,0.12968157,0.60475945,0.01435076,0.010315282,0.12448691,0.0073664156,0.84348065
DOUGLAS COUNTY SD 4,rla,4,3.39787391633031,-0.292612077806884,0.0070945388,0.12968157,0.60475945,0.01435076,0.010315282,0.12448691,0.0073664156,0.84348065
DOUGLAS COUNTY SD 4,mth,5,3.90934327476344,-0.0361355906068799,0.0070945388,0.12968157,0.60475945,0.01435076,0.010315282,0.12448691,0.0073664156,0.84348065
DOUGLAS COUNTY SD 4,rla,5,4.33699676957536,-1.26324382279833,0.0070945388,0.12968157,0.60475945,0.01435076,0.010315282,0.12448691,0.0073664156,0.84348065
DOUGLAS COUNTY SD 4,mth,6,5.26477165032453,0.0858115660422582,0.0070945388,0.12968157,0.60475945,0.01435076,0.010315282,0.12448691,0.0073664156,0.84348065
DOUGLAS COUNTY SD 4,rla,6,5.28315980305332,-0.334810899317985,0.0070945388,0.12968157,0.60475945,0.01435076,0.010315282,0.12448691,0.0073664156,0.84348065
SALEM-KEIZER SD 24J,mth,3,1.50293398106355,0.252926401593152,0.17269279,0.17481302,0.63072979,0.0082847038,0.020136112,0.42315957,0.0142737,0.53414589
SALEM-KEIZER SD 24J,rla,3,1.50373957677495,-0.87185583374038,0.17269279,0.17481302,0.63072979,0.0082847038,0.020136112,0.42315957,0.0142737,0.53414589
SALEM-KEIZER SD 24J,mth,4,2.53492249856855,0.253774749622974,0.17269279,0.17481302,0.63072979,0.0082847038,0.020136112,0.42315957,0.0142737,0.53414589
SALEM-KEIZER SD 24J,rla,4,2.866966890802,-0.669699866925405,0.17269279,0.17481302,0.63072979,0.0082847038,0.020136112,0.42315957,0.0142737,0.53414589
SALEM-KEIZER SD 24J,mth,5,3.78010320804638,0.333528194395658,0.17269279,0.17481302,0.63072979,0.0082847038,0.020136112,0.42315957,0.0142737,0.53414589
SALEM-KEIZER SD 24J,rla,5,4.04985751001834,-0.530134778353463,0.17269279,0.17481302,0.63072979,0.0082847038,0.020136112,0.42315957,0.0142737,0.53414589
SALEM-KEIZER SD 24J,mth,6,5.02431503631119,-0.0950507501935815,0.17269279,0.17481302,0.63072979,0.0082847038,0.020136112,0.42315957,0.0142737,0.53414589
SALEM-KEIZER SD 24J,rla,6,5.40593225862423,-0.814637092776017,0.17269279,0.17481302,0.63072979,0.0082847038,0.020136112,0.42315957,0.0142737,0.53414589
OREGON TRAIL SD 46,mth,3,2.73087901966249,0.654507181634504,0.044459488,0.1394719,0.39074236,0.0047560991,0.011273505,0.1555261,0.0045623253,0.82388198
OREGON TRAIL SD 46,rla,3,3.37904682559786,-0.695968582132168,0.044459488,0.1394719,0.39074236,0.0047560991,0.011273505,0.1555261,0.0045623253,0.82388198
OREGON TRAIL SD 46,mth,4,4.52094979048572,0.041877863456888,0.044459488,0.1394719,0.39074236,0.0047560991,0.011273505,0.1555261,0.0045623253,0.82388198
OREGON TRAIL SD 46,rla,4,4.83305179329745,-0.989065099308227,0.044459488,0.1394719,0.39074236,0.0047560991,0.011273505,0.1555261,0.0045623253,0.82388198
OREGON TRAIL SD 46,mth,5,4.82408952103603,-0.310029285285878,0.044459488,0.1394719,0.39074236,0.0047560991,0.011273505,0.1555261,0.0045623253,0.82388198
OREGON TRAIL SD 46,rla,5,5.3813591735421,-0.857900313141635,0.044459488,0.1394719,0.39074236,0.0047560991,0.011273505,0.1555261,0.0045623253,0.82388198
OREGON TRAIL SD 46,mth,6,6.20920794628732,-0.0854707600989881,0.044459488,0.1394719,0.39074236,0.0047560991,0.011273505,0.1555261,0.0045623253,0.82388198
OREGON TRAIL SD 46,rla,6,6.21157166254662,-0.479255540462238,0.044459488,0.1394719,0.39074236,0.0047560991,0.011273505,0.1555261,0.0045623253,0.82388198
SCAPPOOSE SD 1J,mth,4,3.50470216989179,1.04478329258507,0.016256774,0.11254689,0.28393015,0.015930906,0.016021358,0.099814206,0.0038603181,0.86437321
SCAPPOOSE SD 1J,rla,4,4.4228141479591,-0.969910032023582,0.016256774,0.11254689,0.28393015,0.015930906,0.016021358,0.099814206,0.0038603181,0.86437321
SCAPPOOSE SD 1J,mth,6,5.61011175594035,-0.77751315605338,0.016256774,0.11254689,0.28393015,0.015930906,0.016021358,0.099814206,0.0038603181,0.86437321
SCAPPOOSE SD 1J,rla,6,6.202876740388,-1.79728333951641,0.016256774,0.11254689,0.28393015,0.015930906,0.016021358,0.099814206,0.0038603181,0.86437321
SCIO SD 95,mth,3,1.6122937593121,0.337168989682246,0.0050955415,0.08789809,0.37920704,0.012214786,0.0062569007,0.064117156,0,0.91741115
SCIO SD 95,rla,3,2.0781233054101,-1.70321221954754,0.0050955415,0.08789809,0.37920704,0.012214786,0.0062569007,0.064117156,0,0.91741115
SCIO SD 95,rla,6,6.50119483960472,-2.15287242152386,0.0050955415,0.08789809,0.37920704,0.012214786,0.0062569007,0.064117156,0,0.91741115
SEASIDE SD 10,mth,3,2.259449496844,0.457047127264465,0.10031348,0.18620689,0.63118452,0.0062026395,0.019582171,0.29198897,0.0056426032,0.67658365
SEASIDE SD 10,rla,3,2.21796029013885,-0.884570733454107,0.10031348,0.18620689,0.63118452,0.0062026395,0.019582171,0.29198897,0.0056426032,0.67658365
SEASIDE SD 10,mth,4,2.82582374419207,-0.469994006887125,0.10031348,0.18620689,0.63118452,0.0062026395,0.019582171,0.29198897,0.0056426032,0.67658365
SEASIDE SD 10,rla,4,3.41116410356711,-1.60024584695565,0.10031348,0.18620689,0.63118452,0.0062026395,0.019582171,0.29198897,0.0056426032,0.67658365
SEASIDE SD 10,mth,5,3.49308552719463,1.51613305558364,0.10031348,0.18620689,0.63118452,0.0062026395,0.019582171,0.29198897,0.0056426032,0.67658365
SEASIDE SD 10,rla,5,4.29219817487344,0.682820057660164,0.10031348,0.18620689,0.63118452,0.0062026395,0.019582171,0.29198897,0.0056426032,0.67658365
SEASIDE SD 10,mth,6,4.20792259797,-0.509810906871457,0.10031348,0.18620689,0.63118452,0.0062026395,0.019582171,0.29198897,0.0056426032,0.67658365
SEASIDE SD 10,rla,6,4.98711299566832,-0.343969148383778,0.10031348,0.18620689,0.63118452,0.0062026395,0.019582171,0.29198897,0.0056426032,0.67658365
SHERIDAN SD 48J,rla,3,1.02458023315684,-2.13075605803455,0.01711984,0.13494462,0.66211605,0.046457242,0.0086024459,0.17958537,0.0035525071,0.76180243
SHERIDAN SD 48J,mth,5,3.08317835493375,-0.440177324311706,0.01711984,0.13494462,0.66211605,0.046457242,0.0086024459,0.17958537,0.0035525071,0.76180243
SHERIDAN SD 48J,rla,5,3.42071689496498,-1.51169283577364,0.01711984,0.13494462,0.66211605,0.046457242,0.0086024459,0.17958537,0.0035525071,0.76180243
SHERWOOD SD 88J,mth,3,4.49601220298622,-0.217272655850579,0.02004496,0.11802173,0.16035625,0.0036878923,0.029451931,0.11058569,0.0085505946,0.8477239
SHERWOOD SD 88J,rla,3,4.80821878332455,-1.20212972048208,0.02004496,0.11802173,0.16035625,0.0036878923,0.029451931,0.11058569,0.0085505946,0.8477239
SHERWOOD SD 88J,mth,4,5.46650719693675,0.473588543303927,0.02004496,0.11802173,0.16035625,0.0036878923,0.029451931,0.11058569,0.0085505946,0.8477239
SHERWOOD SD 88J,rla,4,5.79643263996633,-1.02630722632097,0.02004496,0.11802173,0.16035625,0.0036878923,0.029451931,0.11058569,0.0085505946,0.8477239
SHERWOOD SD 88J,mth,5,6.71567558757906,-0.0700039901031283,0.02004496,0.11802173,0.16035625,0.0036878923,0.029451931,0.11058569,0.0085505946,0.8477239
SHERWOOD SD 88J,rla,5,6.71982905236899,-0.769615669315003,0.02004496,0.11802173,0.16035625,0.0036878923,0.029451931,0.11058569,0.0085505946,0.8477239
SHERWOOD SD 88J,mth,6,7.98821400036777,-0.199724838077215,0.02004496,0.11802173,0.16035625,0.0036878923,0.029451931,0.11058569,0.0085505946,0.8477239
SHERWOOD SD 88J,rla,6,7.98126236595555,-0.716958740450217,0.02004496,0.11802173,0.16035625,0.0036878923,0.029451931,0.11058569,0.0085505946,0.8477239
SILVER FALLS SD 4J,mth,4,3.58747676974814,0.296734068618841,0.040883698,0.12315896,0.41064933,0.0090933722,0.0065151337,0.14614341,0.0081930375,0.83005506
SILVER FALLS SD 4J,mth,5,4.88208823605649,-0.271050317224151,0.040883698,0.12315896,0.41064933,0.0090933722,0.0065151337,0.14614341,0.0081930375,0.83005506
SILVER FALLS SD 4J,rla,5,5.35065338358164,-0.688928874329557,0.040883698,0.12315896,0.41064933,0.0090933722,0.0065151337,0.14614341,0.0081930375,0.83005506
SILVER FALLS SD 4J,mth,6,6.35882784603453,0.340924414201088,0.040883698,0.12315896,0.41064933,0.0090933722,0.0065151337,0.14614341,0.0081930375,0.83005506
SILVER FALLS SD 4J,rla,6,6.56331819661229,-0.912170090181557,0.040883698,0.12315896,0.41064933,0.0090933722,0.0065151337,0.14614341,0.0081930375,0.83005506
SISTERS SD 6,mth,4,3.72356373470808,-0.323981601059349,0.031609196,0.10632184,0.33996359,0.017249361,0.010023985,0.080826484,0.0042447145,0.88765544
SISTERS SD 6,rla,5,6.43663934471571,1.68831872739371,0.031609196,0.10632184,0.33996359,0.017249361,0.010023985,0.080826484,0.0042447145,0.88765544
SISTERS SD 6,mth,6,6.62925776282836,-0.948832865642008,0.031609196,0.10632184,0.33996359,0.017249361,0.010023985,0.080826484,0.0042447145,0.88765544
SISTERS SD 6,rla,6,6.8435574168424,-0.898531863084411,0.031609196,0.10632184,0.33996359,0.017249361,0.010023985,0.080826484,0.0042447145,0.88765544
SOUTH UMPQUA SD 19,mth,3,1.17009382849061,-0.0085122024732555,0.0026281208,0.18791065,0.71623546,0.027510442,0.0042114956,0.093625329,0,0.87465274
SOUTH UMPQUA SD 19,rla,3,1.39430431294038,-1.51912175527536,0.0026281208,0.18791065,0.71623546,0.027510442,0.0042114956,0.093625329,0,0.87465274
SOUTH UMPQUA SD 19,mth,4,2.28738718370586,-0.371816240328349,0.0026281208,0.18791065,0.71623546,0.027510442,0.0042114956,0.093625329,0,0.87465274
SOUTH UMPQUA SD 19,rla,4,3.25868885167443,-0.9483551753019,0.0026281208,0.18791065,0.71623546,0.027510442,0.0042114956,0.093625329,0,0.87465274
SOUTH UMPQUA SD 19,mth,5,3.50372618632022,-1.1840308668909,0.0026281208,0.18791065,0.71623546,0.027510442,0.0042114956,0.093625329,0,0.87465274
SOUTH UMPQUA SD 19,rla,5,3.60018010867546,-2.40860513983484,0.0026281208,0.18791065,0.71623546,0.027510442,0.0042114956,0.093625329,0,0.87465274
SOUTH UMPQUA SD 19,mth,6,3.81719186241607,-1.56732233656224,0.0026281208,0.18791065,0.71623546,0.027510442,0.0042114956,0.093625329,0,0.87465274
SOUTH UMPQUA SD 19,rla,6,5.00121487874178,-1.94776709751971,0.0026281208,0.18791065,0.71623546,0.027510442,0.0042114956,0.093625329,0,0.87465274
ST HELENS SD 502,mth,3,1.66607123373697,0.391493697917619,0.01560425,0.17330678,0.46024725,0.0082491376,0.0070003406,0.10920223,0.0078530302,0.86769527
ST HELENS SD 502,rla,3,1.97326682689481,-0.0729955696678424,0.01560425,0.17330678,0.46024725,0.0082491376,0.0070003406,0.10920223,0.0078530302,0.86769527
ST HELENS SD 502,mth,4,4.08964771398763,0.158350155617339,0.01560425,0.17330678,0.46024725,0.0082491376,0.0070003406,0.10920223,0.0078530302,0.86769527
ST HELENS SD 502,rla,4,4.00332457107564,-0.488142384394155,0.01560425,0.17330678,0.46024725,0.0082491376,0.0070003406,0.10920223,0.0078530302,0.86769527
ST HELENS SD 502,mth,5,5.27116181539893,-0.820691553084305,0.01560425,0.17330678,0.46024725,0.0082491376,0.0070003406,0.10920223,0.0078530302,0.86769527
ST HELENS SD 502,rla,5,5.12296419155519,-1.52339666511092,0.01560425,0.17330678,0.46024725,0.0082491376,0.0070003406,0.10920223,0.0078530302,0.86769527
ST HELENS SD 502,mth,6,5.60227884394268,-0.276223621501952,0.01560425,0.17330678,0.46024725,0.0082491376,0.0070003406,0.10920223,0.0078530302,0.86769527
ST HELENS SD 502,rla,6,5.86435359667019,-0.546351899715712,0.01560425,0.17330678,0.46024725,0.0082491376,0.0070003406,0.10920223,0.0078530302,0.86769527
SUTHERLIN SD 130,mth,3,1.44128784632808,0.508315519092883,0.016055046,0.15749235,0.65938705,0.012533993,0.0069245002,0.11620687,0,0.86433464
SUTHERLIN SD 130,rla,3,1.93854271249278,-0.60200420251775,0.016055046,0.15749235,0.65938705,0.012533993,0.0069245002,0.11620687,0,0.86433464
SUTHERLIN SD 130,mth,4,3.18172362819179,-0.893714299662395,0.016055046,0.15749235,0.65938705,0.012533993,0.0069245002,0.11620687,0,0.86433464
SUTHERLIN SD 130,rla,4,2.70666950290825,-1.60335421629492,0.016055046,0.15749235,0.65938705,0.012533993,0.0069245002,0.11620687,0,0.86433464
SUTHERLIN SD 130,mth,5,3.90812461203092,0.0370606911396134,0.016055046,0.15749235,0.65938705,0.012533993,0.0069245002,0.11620687,0,0.86433464
SUTHERLIN SD 130,rla,5,4.11794813254012,-0.743522869524855,0.016055046,0.15749235,0.65938705,0.012533993,0.0069245002,0.11620687,0,0.86433464
SUTHERLIN SD 130,mth,6,6.26884220347233,-0.270738898661633,0.016055046,0.15749235,0.65938705,0.012533993,0.0069245002,0.11620687,0,0.86433464
SUTHERLIN SD 130,rla,6,6.30421980948273,-0.485246669916845,0.016055046,0.15749235,0.65938705,0.012533993,0.0069245002,0.11620687,0,0.86433464
SWEET HOME SD 55,mth,3,1.86571643859767,0.257001509885465,0.0038977913,0.19835426,0.64243352,0.012458266,0.008673883,0.053421646,0.00037640744,0.92506981
SWEET HOME SD 55,rla,3,2.3047754943979,-0.785991814614167,0.0038977913,0.19835426,0.64243352,0.012458266,0.008673883,0.053421646,0.00037640744,0.92506981
SWEET HOME SD 55,mth,4,3.79448659833318,-0.909777995928561,0.0038977913,0.19835426,0.64243352,0.012458266,0.008673883,0.053421646,0.00037640744,0.92506981
SWEET HOME SD 55,rla,4,3.40272913306129,-1.9946448664156,0.0038977913,0.19835426,0.64243352,0.012458266,0.008673883,0.053421646,0.00037640744,0.92506981
SWEET HOME SD 55,mth,5,3.53784267543856,-0.371646276566765,0.0038977913,0.19835426,0.64243352,0.012458266,0.008673883,0.053421646,0.00037640744,0.92506981
SWEET HOME SD 55,rla,5,3.86004223329004,-1.83814806443046,0.0038977913,0.19835426,0.64243352,0.012458266,0.008673883,0.053421646,0.00037640744,0.92506981
SWEET HOME SD 55,mth,6,5.19361834680003,-0.38383607759822,0.0038977913,0.19835426,0.64243352,0.012458266,0.008673883,0.053421646,0.00037640744,0.92506981
SWEET HOME SD 55,rla,6,5.02750382202165,-1.2724158369488,0.0038977913,0.19835426,0.64243352,0.012458266,0.008673883,0.053421646,0.00037640744,0.92506981
TIGARD-TUALATIN SD 23J,mth,3,2.98737663057384,-0.143954460625411,0.09360943,0.11679851,0.31660554,0.0046345866,0.058812793,0.29285616,0.019116549,0.62457991
TIGARD-TUALATIN SD 23J,rla,3,3.69600546804035,-0.984330582635959,0.09360943,0.11679851,0.31660554,0.0046345866,0.058812793,0.29285616,0.019116549,0.62457991
TIGARD-TUALATIN SD 23J,mth,4,4.63583951862532,0.541911303726436,0.09360943,0.11679851,0.31660554,0.0046345866,0.058812793,0.29285616,0.019116549,0.62457991
TIGARD-TUALATIN SD 23J,rla,4,4.80817264841926,-0.292375039996181,0.09360943,0.11679851,0.31660554,0.0046345866,0.058812793,0.29285616,0.019116549,0.62457991
TIGARD-TUALATIN SD 23J,mth,5,5.53887946941082,0.705326840718111,0.09360943,0.11679851,0.31660554,0.0046345866,0.058812793,0.29285616,0.019116549,0.62457991
TIGARD-TUALATIN SD 23J,rla,5,5.75011075918913,-0.572228173895626,0.09360943,0.11679851,0.31660554,0.0046345866,0.058812793,0.29285616,0.019116549,0.62457991
TIGARD-TUALATIN SD 23J,mth,6,6.70729402251712,-0.393597969374988,0.09360943,0.11679851,0.31660554,0.0046345866,0.058812793,0.29285616,0.019116549,0.62457991
TIGARD-TUALATIN SD 23J,rla,6,6.77513770890761,-1.25327444409311,0.09360943,0.11679851,0.31660554,0.0046345866,0.058812793,0.29285616,0.019116549,0.62457991
TILLAMOOK SD 9,mth,3,1.83991703665417,0.291072358149863,0.071626619,0.14140481,0.56283075,0.013906055,0.0089900149,0.2874355,0.003089041,0.68657941
TILLAMOOK SD 9,rla,3,2.52713543235266,-0.283990532285381,0.071626619,0.14140481,0.56283075,0.013906055,0.0089900149,0.2874355,0.003089041,0.68657941
TILLAMOOK SD 9,mth,4,2.90200346578424,-0.190390819018505,0.071626619,0.14140481,0.56283075,0.013906055,0.0089900149,0.2874355,0.003089041,0.68657941
TILLAMOOK SD 9,rla,4,3.1680413505384,-1.49454343372282,0.071626619,0.14140481,0.56283075,0.013906055,0.0089900149,0.2874355,0.003089041,0.68657941
TILLAMOOK SD 9,mth,5,3.98472399737527,-0.429939610115076,0.071626619,0.14140481,0.56283075,0.013906055,0.0089900149,0.2874355,0.003089041,0.68657941
TILLAMOOK SD 9,rla,5,4.13963781864899,-1.92601732442057,0.071626619,0.14140481,0.56283075,0.013906055,0.0089900149,0.2874355,0.003089041,0.68657941
TILLAMOOK SD 9,mth,6,4.59146727140504,-0.100263545603066,0.071626619,0.14140481,0.56283075,0.013906055,0.0089900149,0.2874355,0.003089041,0.68657941
TILLAMOOK SD 9,rla,6,5.08252428012897,-1.73121220595287,0.071626619,0.14140481,0.56283075,0.013906055,0.0089900149,0.2874355,0.003089041,0.68657941
UMATILLA SD 6R,mth,3,1.448399659534,-0.556514273628292,0.27522254,0.12759644,0.79689723,0.013315272,0.0025529317,0.71179217,0.0066420101,0.26569763
UMATILLA SD 6R,rla,3,0.26319138060252,-1.83049785934402,0.27522254,0.12759644,0.79689723,0.013315272,0.0025529317,0.71179217,0.0066420101,0.26569763
UMATILLA SD 6R,mth,4,1.36356352496337,0.874236411782521,0.27522254,0.12759644,0.79689723,0.013315272,0.0025529317,0.71179217,0.0066420101,0.26569763
UMATILLA SD 6R,rla,4,0.653118051788957,0.274264852572778,0.27522254,0.12759644,0.79689723,0.013315272,0.0025529317,0.71179217,0.0066420101,0.26569763
UMATILLA SD 6R,mth,5,3.52517264271682,-0.502328542072768,0.27522254,0.12759644,0.79689723,0.013315272,0.0025529317,0.71179217,0.0066420101,0.26569763
UMATILLA SD 6R,rla,5,2.12305931166555,-1.93677291420758,0.27522254,0.12759644,0.79689723,0.013315272,0.0025529317,0.71179217,0.0066420101,0.26569763
UMATILLA SD 6R,mth,6,3.66237102973188,-0.577340771116429,0.27522254,0.12759644,0.79689723,0.013315272,0.0025529317,0.71179217,0.0066420101,0.26569763
UMATILLA SD 6R,rla,6,4.91110128174675,-0.434124345333294,0.27522254,0.12759644,0.79689723,0.013315272,0.0025529317,0.71179217,0.0066420101,0.26569763
VERNONIA SD 47J,mth,4,2.26672375256567,-0.662534742380735,0.005514706,0.19117647,0.53653723,0.016140895,0.0137291,0.068727151,0.0024117944,0.89899105
VERNONIA SD 47J,rla,4,1.85028236080269,-1.42817289727883,0.005514706,0.19117647,0.53653723,0.016140895,0.0137291,0.068727151,0.0024117944,0.89899105
VERNONIA SD 47J,mth,5,3.84841496548557,1.10417185198868,0.005514706,0.19117647,0.53653723,0.016140895,0.0137291,0.068727151,0.0024117944,0.89899105
VERNONIA SD 47J,rla,5,3.74541114327325,0.468964997086815,0.005514706,0.19117647,0.53653723,0.016140895,0.0137291,0.068727151,0.0024117944,0.89899105
WARRENTON-HAMMOND SD 30,mth,3,3.47003450409518,-0.188851199028948,0.025025025,0.16516517,0.52168024,0.00727802,0.0058224164,0.11499272,0.0043668123,0.86754
WARRENTON-HAMMOND SD 30,rla,3,4.12158950798913,-0.960381780527429,0.025025025,0.16516517,0.52168024,0.00727802,0.0058224164,0.11499272,0.0043668123,0.86754
WARRENTON-HAMMOND SD 30,mth,4,2.21785245650265,0.796250577499192,0.025025025,0.16516517,0.52168024,0.00727802,0.0058224164,0.11499272,0.0043668123,0.86754
WARRENTON-HAMMOND SD 30,rla,4,2.88156179373977,-0.354637786139213,0.025025025,0.16516517,0.52168024,0.00727802,0.0058224164,0.11499272,0.0043668123,0.86754
WARRENTON-HAMMOND SD 30,mth,6,5.98107147690052,-0.0881364688655182,0.025025025,0.16516517,0.52168024,0.00727802,0.0058224164,0.11499272,0.0043668123,0.86754
WARRENTON-HAMMOND SD 30,rla,6,5.29283170751012,-2.01540356823337,0.025025025,0.16516517,0.52168024,0.00727802,0.0058224164,0.11499272,0.0043668123,0.86754
WEST LINN-WILSONVILLE SD 3J,mth,3,3.81440578202677,0.699300741029751,0.034883723,0.11375126,0.20090826,0.0030520251,0.047566392,0.12323432,0.010759014,0.81538826
WEST LINN-WILSONVILLE SD 3J,rla,3,4.46921167935216,-0.654290409207921,0.034883723,0.11375126,0.20090826,0.0030520251,0.047566392,0.12323432,0.010759014,0.81538826
WEST LINN-WILSONVILLE SD 3J,mth,4,4.94246364346103,-0.0558748682012653,0.034883723,0.11375126,0.20090826,0.0030520251,0.047566392,0.12323432,0.010759014,0.81538826
WEST LINN-WILSONVILLE SD 3J,rla,4,5.46134331507671,-0.7411625464178,0.034883723,0.11375126,0.20090826,0.0030520251,0.047566392,0.12323432,0.010759014,0.81538826
WEST LINN-WILSONVILLE SD 3J,mth,5,6.7187846178886,0.0573493176246273,0.034883723,0.11375126,0.20090826,0.0030520251,0.047566392,0.12323432,0.010759014,0.81538826
WEST LINN-WILSONVILLE SD 3J,rla,5,7.16966986921576,-1.20622162290381,0.034883723,0.11375126,0.20090826,0.0030520251,0.047566392,0.12323432,0.010759014,0.81538826
WEST LINN-WILSONVILLE SD 3J,mth,6,7.430643655317,0.0438549832706972,0.034883723,0.11375126,0.20090826,0.0030520251,0.047566392,0.12323432,0.010759014,0.81538826
WEST LINN-WILSONVILLE SD 3J,rla,6,7.87477781594533,-1.24701793941488,0.034883723,0.11375126,0.20090826,0.0030520251,0.047566392,0.12323432,0.010759014,0.81538826
WILLAMINA SD 30J,mth,3,0.401564253032412,-0.434327413158129,0,0.19572553,0.66025376,0.24311993,0.0015562915,0.065596282,0.0081391223,0.68158835
WINSTON-DILLARD SD 116,mth,3,1.51260584087454,0.204479803876864,0.0064608757,0.16582915,0.71018344,0.025523489,0.0032955552,0.084252693,0.0093653919,0.87756288
WINSTON-DILLARD SD 116,rla,3,1.51272592766879,-0.88985098088254,0.0064608757,0.16582915,0.71018344,0.025523489,0.0032955552,0.084252693,0.0093653919,0.87756288
WINSTON-DILLARD SD 116,mth,4,2.67220116660405,0.525333565289903,0.0064608757,0.16582915,0.71018344,0.025523489,0.0032955552,0.084252693,0.0093653919,0.87756288
WINSTON-DILLARD SD 116,rla,4,2.84462870671576,-0.65772125864672,0.0064608757,0.16582915,0.71018344,0.025523489,0.0032955552,0.084252693,0.0093653919,0.87756288
WINSTON-DILLARD SD 116,mth,5,3.40177600905783,0.452593888235003,0.0064608757,0.16582915,0.71018344,0.025523489,0.0032955552,0.084252693,0.0093653919,0.87756288
WINSTON-DILLARD SD 116,rla,5,3.77513147881456,-1.46688276791442,0.0064608757,0.16582915,0.71018344,0.025523489,0.0032955552,0.084252693,0.0093653919,0.87756288
WINSTON-DILLARD SD 116,rla,6,3.60720950214824,-1.12111493250611,0.0064608757,0.16582915,0.71018344,0.025523489,0.0032955552,0.084252693,0.0093653919,0.87756288
WOODBURN SD 103,mth,3,0.702767817527667,-0.223555276657176,0.31391644,0.15527621,0.77140629,0.0011507181,0.0051233787,0.82294029,0.0045410008,0.1662446
WOODBURN SD 103,rla,3,-0.113751365590703,-0.858737017277295,0.31391644,0.15527621,0.77140629,0.0011507181,0.0051233787,0.82294029,0.0045410008,0.1662446
WOODBURN SD 103,mth,4,1.54452156039415,1.17433985119282,0.31391644,0.15527621,0.77140629,0.0011507181,0.0051233787,0.82294029,0.0045410008,0.1662446
WOODBURN SD 103,rla,4,1.07287773573968,0.263396658087625,0.31391644,0.15527621,0.77140629,0.0011507181,0.0051233787,0.82294029,0.0045410008,0.1662446
WOODBURN SD 103,mth,5,2.52303543693507,-0.101516628795432,0.31391644,0.15527621,0.77140629,0.0011507181,0.0051233787,0.82294029,0.0045410008,0.1662446
WOODBURN SD 103,rla,5,2.17743939395182,-1.61552717707797,0.31391644,0.15527621,0.77140629,0.0011507181,0.0051233787,0.82294029,0.0045410008,0.1662446
WOODBURN SD 103,mth,6,3.28298849889131,-1.19951828560347,0.31391644,0.15527621,0.77140629,0.0011507181,0.0051233787,0.82294029,0.0045410008,0.1662446
WOODBURN SD 103,rla,6,3.82858842553155,-1.62423694850947,0.31391644,0.15527621,0.77140629,0.0011507181,0.0051233787,0.82294029,0.0045410008,0.1662446
